SMILES of Chemical structures,output
C(CC(OC1C=CC2CC3[C@]45CC[C@@]([C@H]6[C@]4(CC[N@@]3CC3CC3)C=2C=1O6)([C@](C5)([C@](C(C)(C)C)(C)O)[H])OC)=O)C(=O)OC(COC(CCCCCCCCCCCCCCC)=O)COC(CCCCCCCCCCCCCCC)=O,1
O=C(OCC(COC(CCCCCCCCCCCCCCC)=O)OC(CC/C(/C)=C/CC1=C(C2=C(COC2=O)C(C)=C1OC)O)=O)CCCCCCCCCCCCCCC,1
CC(C)CCC[C@@H](C)[C@@]1([H])CC[C@@]2([H])\C(CCC[C@]12C)=C\C=C1\C[C@@H](O)CCC1=C,1
CCCCCCC(C)(C)C1=CC(O)=C2[C@H]3CC(CO)=CC[C@@H]3C(C)(C)OC2=C1,1
C(C)1(C2CC=C(CC2C2=C(C=C(C=C2O1)C(C)(C)CCCCCC)O)CN1C=CC=N1)C,1
CCCCN(CCCC)CCC(O)C1=C2C=CC(=CC2=C2C=C(Cl)C=C(Cl)C2=C1)C(F)(F)F,1
CC(C)(C)C1=CC(=C(O)C=C1NC(=O)C1=CNC2=CC=CC=C2C1=O)C(C)(C)C,1
C[C@@H]([C@H]1CCC2[C@@]1(CCC1[C@@]3(C(C[C@H](C)C12)N(C(CC3)=O)C)C)C)CCCC(C)C,1
FC1C=CC(C2=C3C=CC=C(C3=NN2CC2C=CC(=CC=2Cl)F)C(F)(F)F)=CC=1,1
C\C(\C=C\C1=C(C)CCCC1(C)C)=C/C=C/C(/C)=C\C(O)=O,1
CCOC(=O)C=C(C)C=CC=C(C)C=CC1=C(C)C(C)=C(OC)C=C1C,1
CC(=CC1=CC=CC=C1)C2=CC3=C(C=C2)C(CCC3(C)C)(C)C,1
[H][C@@]1(C[C@@]2(O)[C@@H](OC(=O)C3=CC=CC=C3)[C@]3([H])[C@@]4(CO[C@@H]4C[C@H](O)[C@@]3(C)C(=O)[C@H](O)C(=C1C)C2(C)C)OC(C)=O)OC(=O)[C@H](O)[C@@H](NC(=O)OC(C)(C)C)C1=CC=CC=C1,1
C1=CC(=CC=C1C(C2=CC=C(C=C2)Cl)(C(Cl)(Cl)Cl)Cl)Cl,1
CC[C@@H]1NC(=O)[C@H]([C@H](O)[C@H](C)C\C=C\C)N(C)C(=O)[C@H](C(C)C)N(C)C(=O)[C@H](CC(C)C)N(C)C(=O)[C@H](CC(C)C)N(C)C(=O)[C@@H](C)NC(=O)[C@H](C)NC(=O)[C@H](CC(C)C)N(C)C(=O)[C@@H](NC(=O)[C@H](CC(C)C)N(C)C(=O)CN(C)C1=O)C(C)C,1
O[C@H]1CC[C@]2(C(C1)=CC[C@@]1([C@@]2(CC[C@]2([C@]1(CC[C@H]2C(C)CCC(C)(C)O)[H])C)[H])[H])C,1
[H][C@@]1(CC[C@@]2([H])[C@]3([H])CC=C4C[C@@H](O)CC[C@]4(C)[C@@]3([H])CC[C@]12C)[C@H](C)CCCC(C)C,1
FC(F)(C1C=C(C=C(CN(C(OC)=O)C2C3C=C(C=CC=3N(C(CC)C2)C(OC(C)C)=O)C(F)(F)F)C=1)C(F)(F)F)F,1
FC(C1=CC(CN(C(C)=O)C2CC(CC)N(C3C=CC(=CC2=3)C(F)(F)F)C(OC(C)C)=O)=CC(=C1)C(F)(F)F)(F)F,1
CC1=CC2=C(C=C1C(=C)C1=CC=C(C=C1)C(O)=O)C(C)(C)CCC2(C)C,1
[H][C@@]1(CC[C@@]2([H])\C(CCC[C@]12C)=C\C=C1\C[C@@H](O)C[C@H](O)C1=C)[C@H](C)\C=C\C=C\C(O)(CC)CC,1
[N+](C)(C)(C)CCOP([O-])(=O)OCC(COC(CCCCCCCCC)=O)OC(C(CC)CC)=O,1
CCCCCCCCCCC[C@@H](C[C@@H]1OC(=O)[C@H]1CCCCCC)OC(=O)[C@H](CC(C)C)NC=O,1
[H][C@@]1(O[C@@H]2[C@@H](O)[C@H](O)[C@@H](CO)O[C@H]2OC2=CC3=C(C(=O)C[C@H](O3)C3=CC=C(O)C=C3)C(O)=C2)O[C@@H](C)[C@H](O)[C@@H](O)[C@H]1O,1
[H][C@]1(CC(=O)C2=C(O1)C=C(O)C=C2O)C1=CC=C(O)C=C1,1
COC1=C(Cl)C(OC)=C(Cl)C(=N1)C(Cl)(Cl)Cl,1
C[C@H](C1=CC=CC2=CC=CC=C21)NCCCC3=CC(=CC=C3)C(F)(F)F.Cl,1
CCCCCC1=CC(O)=C([C@@H]2C=C(C)CC[C@H]2C(C)=C)C(O)=C1,1
CC1=CC2=C(C=C1)OC(=N2)N[C@@H](CC3CCCCC3)C4=CC=CC=N4,1
CC\C(=C(/C1=CC=CC=C1)C1=CC=C(OCCN(C)C)C=C1)C1=CC=CC=C1,1
[H][C@]12[C@H](OC(=O)C3=CC=CC=C3)[C@]3(O)C[C@H](OC(=O)[C@H](O)[C@@H](NC(=O)C4=CC=CC=C4)C4=CC=CC=C4)C(C)=C([C@@H](OC(C)=O)C(=O)[C@]1(C)[C@@H](O)C[C@H]1OC[C@@]21OC(C)=O)C3(C)C,1
CCCN1C(=C(C2=CC=CC=C21)C(=O)C3=CC=CC4=CC=CC=C43)C,1
O[C@H]1[C@@H](C2=CC3=C(C=C2)O[C@@H]([C@H](C2C=C(C(O)=CC=2)OC)O3)CO)OC2C=C(O)C=C(C=2C1=O)O,1
[H][C@]12C[C@@H](O[C@@H]3O[C@H](C)[C@@H](O)[C@H](N)[C@@H]3O)\C=C\C=C\C=C\C=C\C=C\C=C\C=C\[C@H](C)[C@@H](O)[C@@H](C)[C@H](C)OC(=O)C[C@H](O)C[C@H](O)CC[C@@H](O)[C@H](O)C[C@H](O)C[C@](O)(C[C@H](O)[C@H]1C(O)=O)O2,1
[H][C@@]12CC[C@H](O)[C@@]1(C)CC[C@@]1([H])[C@@]2([H])CCC2=CC(=O)CC[C@]12C,1
[H][C@@]12C(CC[C@]3(C1(CCC1C3(CCC(C=1)=O)C)[H])[H])(C(CC2)OC(CC(CC(=O)OC(COC(CCCCCCCCCCCCCC)=O)COC(CCCCCCCCCCCCCC)=O)C)=O)C,1
CCCCCCCCCCC(=O)O[C@H]1CC[C@H]2[C@@H]3CCC4=CC(=O)CC[C@]4(C)[C@H]3CC[C@]12C,1
OC(=O)CCCC1=CC=C(C=C1)N(CCCl)CCCl,1
CN(CC=CC1=CC=CC=C1)CC1=CC=CC2=CC=CC=C12,1
CCCC(CCC)C(O)=O,1
CCCCCCCCCCC(=O)OC1(CC(=O)C=C2C1[C@H]3CC[C@]4([C@H]([C@@H]3CC2)CC[C@@H]4O)C)C,1
C[C@@]1(C(CCC2(C1CCC1(C2CC=C2C3CC(C)(CCC3(CC[C@]21C)C(OCC1N=C(C)C(C)=NC=1C)=O)C)C)C)O)C,1
CCCCCCCC\C=C/CCCCCCCC(=O)OCC(COC(=O)CCCCCCC\C=C/CCCCCCCC)OC(=O)CCCCCCC\C=C/CCCCCCCC,1
[H][C@@]1(CC[C@@]2([H])[C@]3([H])CC=C4C[C@@H](O)CC[C@]4(C)[C@@]3([H])CC[C@]12C)[C@H](C)CCCC(C)C,1
CC(C)=CCC\C(C)=C\C=C\C(\C)=C\C=C\C(\C)=C\C=C\C=C(/C)\C=C\C=C(/C)\C=C\C=C(/C)CCC=C(C)C,1
O(C1(CCCC1)OC1CCC2C3CC[C@]([H])4C[C@H]5S[C@@H]5CC4(C)C3CCC21C)C,1
NC1C=CC(=CC=1)C(=O)O,1
CN1N(C(=O)C=C1C)C1=CC=CC=C1,1
[H][C@@]12CC[C@H](O)[C@@]1(C)CC[C@]1([H])C3=C(CC[C@@]21[H])C=C(O)C=C3,1
OC(=O)C1=CC=CC=C1O,1
CN(CC1=CN=C2N=C(N)N=C(N)C2=N1)C1=CC=C(C=C1)C(=O)N[C@@H](CCC(O)=O)C(O)=O,1
[H][C@](C)(NC(=O)[C@@]([H])(NC(=O)C1=NC(=NC(N)=C1C)[C@H](CC(N)=O)NC[C@H](N)C(N)=O)[C@@]([H])(OC1OC(CO)C(O)C(O)C1OC1OC(CO)C(O)C(OC(N)=O)C1O)C1=CNC=N1)[C@@H](O)[C@H](C)C(=O)N[C@]([H])(C(=O)NCCC1=NC(=CS1)C1=NC(=CS1)C(=O)NCCC[S+](C)C)[C@@]([H])(C)O,1
CCCCCCCCCCCCCCOC1=CC=C(C=C1)C=C(C)C(=O)OCC(CO)O,1
C[C@]12CC[C@H]3[C@H]([C@@H]1CC[C@@H]2OC4(CCCCC4)OC)CC[C@@H]5[C@@]3(C=CC(=O)C5)C,1
COC1=CC2=C(C=C1)C=C(C=C2)[C@H](C)C(O)=O,1
CC(=O)NC1=CC=C(O)C=C1,1
CC1=C(C2=C(CC[C@@](O2)(C)CCC[C@H](C)CCC[C@H](C)CCCC(C)C)C(=C1O)C)C,1
CC[C@@]1(O)C(=O)OCC2=C1C=C1N(CC3=CC4=C(C=CC(O)=C4CN(C)C)N=C13)C2=O,1
C1=C(C2=C(C(=O)C3=C(C=C(C=C3O2)O)O)O)C=C(C(=C1)OC(NCC(NC1C(O)C(C)O[C@H](C1)OC1C2C(O)=C3C(C4C(=CC=CC=4C(C3=C(C=2CC(C1)(O)C(CO)=O)O)=O)OC)=O)=O)=O)O,1
OC[C@H]1O[C@H]([C@H](O)[C@@H](O)[C@@H]1O)C1=C(O)C=CC2=C1OC=C(C2=O)C1=CC=C(O)C=C1,1
CC(=O)OC1=CC=CC2=C1C(=O)C1=C(OC(C)=O)C=C(C=C1C2=O)C(O)=O,1
COCCOC(=O)C1=C(C)NC(C)=C(C1C1=CC(=CC=C1)[N+]([O-])=O)C(=O)OC(C)C,1
COC1C(=CC2C3CN4[C@@](CCC4)(CC=3C3C=CC(=CC=3C=2C=1)OC(C(C)(C)C)=O)[H])OC,1
[H][C@@]12CC3=C(C=CC(=O)N3)[C@@](N)(CC(C)=C1)\C2=C\C,1
O[C@@H]1C[C@](O)(C[C@@H](OC(=O)\C=C\C2=CC(O)=C(O)C=C2)[C@@H]1O)C(O)=O,1
C1CC[C@H]([C@@H](C1)CN2CCN(CC2)C3=NSC4=CC=CC=C43)CN5C(=O)[C@H]6[C@@H]7CC[C@@H](C7)[C@H]6C5=O.Cl,1
CN1C[C@H]2[C@H](C1)C3=C(C=CC(=C3)Cl)OC4=CC=CC=C24.C(=C\C(=O)O)\C(=O)O,1
COC1=CC=CC=C1OCCNCC(O)COC1=CC=CC2=C1C1=CC=CC=C1N2,1
OC([C@@H]1[C@H]([C@@H]([C@H]([C@@H](O1)OC1C(=C(C2C(C=C(C3C=CC=CC=3)OC=2C=1)=O)O)O)O)O)O)=O,1
COC1=CC(\C=C\C(=O)CC(=O)\C=C\C2=CC(OC)=C(O)C=C2)=CC=C1O,1
[H][C@]12COC(=O)[C@]1([H])[C@H](C1=CC(OC)=C(O)C(OC)=C1)C1=C(C=C3OCOC3=C1)[C@H]2O[C@]1([H])O[C@]2([H])CO[C@H](O[C@@]2([H])[C@H](O)[C@H]1O)C1=CC=CS1,1
CCCCCCOC(=O)\N=C(\N)C1=CC=C(NCC2=NC3=C(C=CC(=C3)C(=O)N(CCC(=O)OCC)C3=NC=CC=C3)N2C)C=C1,1
CN1C(C(=O)NC2=NC=CC=C2)=C(O)C2=C(C=CC=C2)S1(=O)=O,1
[H][C@@]1(C[C@@H](C)[C@]2([H])CC(=O)[C@H](C)\C=C(C)\[C@@H](O)[C@@H](OC)C(=O)[C@H](C)C[C@H](C)\C=C\C=C\C=C(C)\[C@H](C[C@]3([H])CC[C@@H](C)[C@@](O)(O3)C(=O)C(=O)N3CCCC[C@@]3([H])C(=O)O2)OC)CC[C@@H](O)[C@@H](C1)OC,1
OC1C(C2C(CC3C(C2(CC1O)C)CC=C1C2C(C(CCC2(CCC13)C(=O)O)C)C)O)(C)CO,1
CC(C)N=C1C=C2N(C3=CC=C(Cl)C=C3)C3=C(C=CC=C3)N=C2C=C1NC1=CC=C(Cl)C=C1,1
CN(C\C=C\C#CC(C)(C)C)CC1=CC=CC2=CC=CC=C12,1
O(CCCCC)C1=C2C=CC=CC2=C(C(=O)C2C=CC=C3C=CC=CC=23)C=C1,1
[H][C@@]1(CC[C@]2(O)[C@]3([H])CC[C@]4([H])C[C@H](CC[C@]4(C)[C@@]3([H])CC[C@]12C)O[C@H]1C[C@H](O)[C@H](O[C@H]2C[C@H](O)[C@H](O[C@H]3C[C@H](O)[C@H](O)[C@@H](C)O3)[C@@H](C)O2)[C@@H](C)O1)C1=CC(=O)OC1,1
[H][C@]12CC[C@]3([H])[C@]([H])(C[C@@H](O)[C@]4(C)[C@H](CC[C@]34O)C3=CC(=O)OC3)[C@@]1(C)CC[C@@H](C2)O[C@H]1C[C@H](O)[C@H](O[C@H]2C[C@H](O)[C@H](O[C@H]3C[C@H](O)[C@H](O)[C@@H](C)O3)[C@@H](C)O2)[C@@H](C)O1,1
CC1C2OC(C)(CCCCCCCCCCCCCCC)CCC=2C=C(N(C)[O])C=1C |^1:28|,1
[H][C@@]12OC\C3=C/C=C/[C@H](C)C\C(C)=C\C[C@]4([H])C[C@@]([H])(C[C@]5(C\C(=N/OC)[C@H](C)[C@H](O5)C(\C)=C\C(C)C)O4)OC(=O)[C@]([H])(C=C(C)[C@H]1O)[C@@]23O,1
[H][C@@](CCN1CCOCC1)(CSC1=CC=CC=C1)NC1=C(C=C(C=C1)S(=O)(=O)NC(=O)C1=CC=C(C=C1)N1CCN(CC2=C(CCC(C)(C)C2)C2=CC=C(Cl)C=C2)CC1)S(=O)(=O)C(F)(F)F,1
CC(C)CCC[C@@H](C)CCC[C@@H](C)CCC\C(C)=C\CC1=C(C)C(=O)C2=C(C=CC=C2)C1=O,1
C\C(=C/CO)\C=C\C=C(/C)\C=C\C1=C(C)CCCC1(C)C,1
N(C1C(C)=C(C2=C(C=1C)CCC(C)(CCCC(CCCC(CCCC(C)C)C)C)O2)C)C(CI)=O,1
CC(C)CCC[C@@H](C)CCC[C@@H](C)CCC[C@]1(C)CCc2c(C)c(OC(C)=O)c(C)c(C)c2O1,1
CC1=C(C2=C(C(=C1OC(C)=O)C)CC[C@@](C)(CCCC(CCCC(CCCC(C)C)C)C)O2)C,1
CC1(C)CCC(CN2CCN(CC2)C2=CC=C(C(=O)NS(=O)(=O)C3=CC=C(NCC4CCOCC4)C(=C3)[N+]([O-])=O)C(OC3=CN=C4NC=CC4=C3)=C2)=C(C1)C1=CC=C(Cl)C=C1,1
O1CC(COOC2(CCCCCCCCCCC2)O1)CCCCCCO,1
CO[C@@H]1C[C@@H](CC[C@H]1O)\C=C(/C)[C@H]1OC(=O)[C@@H]2CCCCN2C(=O)C(=O)[C@]2(O)O[C@@H]([C@H](C[C@H]2C)OC)[C@H](C[C@@H](C)C\C(C)=C\[C@@H](CC=C)C(=O)C[C@H](O)[C@H]1C)OC,1
CCCCCC1=CC(=C2[C@@H]3C=C(CC[C@H]3C(OC2=C1)(C)C)C)O,1
CC(=CCCC(C)([C@H]1CC[C@@]2(C1CC[C@H]3[C@]2(CC[C@@H]4[C@@]3(CC[C@@H](C4(C)C)O)C)C)C)O)C,1
OC1=CC=C(\C=C\C2=CC(O)=CC(O)=C2)C=C1,1
CC1=C(C=NO1)C(=O)NC1=CC=C(C=C1)C(F)(F)F,1
[H][C@@](CC)(C1=CC(NS(=O)(=O)C2=NC=C(C=C2)C(F)(F)F)=CC=C1)C1=C(O)C[C@@](CCC)(CCC2=CC=CC=C2)OC1=O,1
CCCCCCCC/C=C\CCCCCCCC(=O)O,1
NC[C@H]1O[C@H](O[C@@H]2[C@@H](N)C[C@@H](N)[C@H](O[C@H]3O[C@H](CO)[C@@H](O)[C@H](N)[C@H]3O)[C@H]2O)[C@H](N)C[C@@H]1O,1
[H][C@@]12CCO[C@]1([H])OC[C@@H]2OC(=O)N[C@@H](CC1=CC=CC=C1)[C@H](O)CN(CC(C)C)S(=O)(=O)C1=CC=C(N)C=C1,1
CCN(CC)C(=O)N1CCN(C)CC1,1
FC(F)(F)[C@]1(OC(=O)NC2=C1C=C(Cl)C=C2)C#CC1CC1,1
CCC1(C(=O)NC(=O)NC1=O)C1=CC=CC=C1,1
O(C(CC1OC(=O)OC=1C)(C)C)C(/C=C(/C=C/C=C(/C=C/C1=C(CCCC1(C)C)C)\C)\C)=O,1
CC(C)C1=NC(=NC(C2=CC=C(F)C=C2)=C1\C=C\[C@@H](O)C[C@@H](O)CC(=O)O)N(C)S(C)(=O)=O,1
C1=CC(O)=C(O)C=C1CC(N)C(OC(COC(=O)CCCCCCCCCCCCCCC)COC(CCCCCCCCCCCCCCC)=O)=O,1
N1(CCC(CC1)1C2C(CO1)=CC=CC=2)CCCCC1C2C(=CC=CC=2)N(C2C=CC(=CC=2)F)C=1,1
O[C@H]1[C@H]([C@@H](OC([C@@H]1[*])C)OC[C@@H]1[C@H](C(C([C@@H](O1)OC1C(C2C(=CC(=CC=2O)O)OC=1C1C=CC(=C(C=1)O)O)=O)O)O)O)O,1
OC1C=C(C2C(C(=C(C3C=CC(=C(C=3)O)O)OC=2C=1)O)=O)O,1
CC/C=C\C/C=C\C/C=C\C/C=C\C/C=C\C/C=C\CCC(=O)O,1
C\C(\C=C\C=C(/C)\C=C\C1=C(C)C(=O)[C@@H](O)CC1(C)C)=C/C=C/C=C(\C)/C=C/C=C(\C)/C=C/C1=C(C)C(=O)[C@@H](O)CC1(C)C,1
N1C2C=C(C(=O)OC)C=CC=2/C(/C1=O)=C(\C1C=CC=CC=1)/NC1C=CC(=CC=1)N(C)C(CN1CCN(C)CC1)=O.O=S(CC)(O)=O,1
OC1=CC2=C(C(O)=C1O)C(=O)C=C(O2)C1=CC=CC=C1,1
C(C(OCCCCCCCCCCCCCC)=O)(C)C1C=CC2C=C(C=CC=2C=1)OC,1
COC1=C(O)C=C(C=C1)[C@@H]1CC(=O)C2=C(O)C=C(O)C=C2O1,1
CNC(=O)C1=NC=CC(OC2=CC=C(NC(=O)NC3=CC(=C(Cl)C=C3)C(F)(F)F)C=C2)=C1,1
O[C@@H]1[C@@H](CO)O[C@H]([C@@H]([C@H]1O)O)C1C(C(C(/C=C/C2C=CC(=CC=2)O)=O)=C(C(C=1O)([C@]1([C@@H]([C@H]([C@@H]([C@@H](CO)O1)O)O)O)[H])O)O)=O,1
NC1=CC=CC=C1,1
CCCCCCN,1
CCCCCC(=O)O,1
CCCCCCCCCCCCCCCCCCN,1
CCCCCCCCCCCCCCCCCCO,1
[H][C@@]12CC[C@@]3([C@](CC[C@]4([C@]3(CCC4=O)[H])C)([C@]1(C[C@H]1S[C@H]1C2)C)[H])[H],1
O[C@H]1[C@H](O)C(C(=O)OC)O[C@H]([C@@H]1O)OC1C(O)=C(C2C(C=C(C3C=CC(=CC=3)OC(CC(CC(OC(COC(=O)CCCCCCCCCCCCCCC)COC(CCCCCCCCCCCCCCC)=O)=O)C)=O)OC=2C=1)=O)O,1
O[C@H]1CC[C@@]2([C@@]3([C@]([C@@]4(CC[C@@H]([C@]4(CC3)C)OC(OC)3CCCC3)[H])(CC=C2C1)[H])[H])C,1
C1=CC(CCCC(OC(COC(=O)CCCCCCCCCCCCCCC)COC(=O)CCCCCCCCCCCCCCC)=O)=CC=C1N(CCCl)CCCl,1
CCCCCCCCCCCCCCCC(=O)OC[C@H](COP(=O)(O)OC[C@@H]1[C@H]([C@H]([C@@H](O1)N2C=C(C(=O)NC2=O)F)O)O)OC(=O)CCCCCCCCCCCCCCC,1
C(O)(=O)CCCCCCC/C=C\C=C\C=C\CCCC,1
C(O)(=O)CCCCCCC/C=C\C/C=C\C/C=C\CC,1
C(O)(=O)CCCCCCC/C=C\C=C\C=C/CCCC,1
C(O)(=O)CCCCCCC/C=C\C=C\CCCCCC,1
CCCCN(CCCC)CCC(C1=C2C=CC(=CC2=C3C=C(C=C(C3=C1)Cl)Cl)C(F)(F)F)O.Cl,1
OC1=CC(O)=C2C(=O)C=C(OC2=C1)C1=CC=C(O)C(O)=C1,1
OC1=CC=C(C(O)=C1)C1=C(O)C(=O)C2=C(O)C=C(O)C=C2O1,1
C1CN(CCN1C2=CN=C3C=CC(=CC3=N2)C4=CC(=C(N=C4)Cl)NS(=O)(=O)C5=CC=C(C=C5)F)C(=O)CCOCCOCCOCCONC(=O)C6=C(C(=C(C=C6)F)F)NC7=C(C=C(C=C7)I)F,1
N([C@H](C(=O)NCCCOCC)CC(C)C)C1C=C(CCCC)N=C(N2C=NC(C3=CC4C=C(C=CC=4O3)C(F)(F)F)=C2)N=1,1
N([C@H](C(=O)NCCCOCC)CC(C)C)C1C=C(CCCC)N=C(N2C=NC(C3=CC4C=C(C=C(C=4O3)Cl)Cl)=C2)N=1,1
[H][C@@]12C[C@@H]([C@@]3([C@@]([C@]1(OC(C)=O)CO2)([C@@H]([C@](O)1C(C)(C(=C(C)[C@H](C1)OC([C@H]([C@H](C1=CC=CC=C1)NC(=O)OC(C)(C)C)OC(CCCSSCCCC(=O)OC(COC([*])=O)COC(=O)CCCCCCCCCCCCCCC)=O)=O)[C@H](C3=O)O)C)OC(C1C=CC=CC=1)=O)[H])C)O,1
C(CC(=O)OC/C=C(/CC/C=C(\C)/CC/C=C(/C)\C)\C)1=C(C)N(C2C=CC(=CC=21)OC)C(=O)C1C=CC(=CC=1)Cl,1
O=C(CCCCCCC/C=C\CCCCCCCC)O,1
COC1=C(O)C=C(C=C1)[C@@H]1CC(=O)C2=C(O)C=C(O)C=C2O1,1
C(O)C(COCCCCCCCCCCCCCCCCCCCCOC(C1=CC=CN=C1)=O)O,1
C(C(COCCCCCCCCOC(C(C)C1=CC2C=CC(C)=CC=2C=C1)=O)O)O,1
CCCC/C=C\C=C\C=C/CCCCCCCC(=O)O,1
CCC1(C)CCN(C)c1,1
CCCCCCC(C)(C)c1cc(O)c2c(c1)OC(C)(C)[C@H]1CC=C(CO)C[C@H]21,1
CC(C)(C)c1cc(C(C)(C)C)c(NC(=O)c2c[nH]c3ccccc3c2=O)cc1O,1
CCCCCCCCCCCCCCCC(=O)OCC(COC(=O)CCCCCCCCCCCCCCC)OC(=O)C(C)CC,1
CCCCCCCCCCCc1ccc(O)c2cc(c1)OC(C)(C)[C@H]1CC=C(CO)C[C@H]21,1
CCCCCCCCCCC12ccc(O)c2cc1,1
CCCCCCCCCC(=O)O,1
CCC1(c2ccccc2)C(=O)NC(=O)NC1=O,1
CCCC/C(=C\C=C\CO)CCCCCCC(=O)O,1
CCCCCCCCCCCCCCOc1ccc(C=C(C)C(=O)OCC(O)CO)cc1,1
CC(=O)Oc1c(C)c(O)c2c(c1C)CC[C@@](C)(CC=C(C)CCCC(C)CCC(CC)C)O2,1
COc1nc(C(Cl)(Cl)Cl)c(Cl)c(OC)c1Cl,1
CCCCCCOC(=O)O,1
CC(=O)Oc1c(C)c(C)c2c(c1C)CC[C@@](C)(CCC[C@H](C)CCC[C@H](C)CCCC(C)C)O2,1
Cc1ccc2cc(C(C)C(=O)OCCCCCCCCOCC(O)CO)ccc2c1,1
CCCCCc1cc(O)c2c(c1)OC(C)(C)[C@@H]1CCC(C)=C[C@@H]21,1
CC(=O)Oc1c(O)c(C)c2c(c1C)CC[C@@](C)(CC=C)CCCCCC(C)CCC(C)(C)O2,1
CCCC(CCC)C(=O)O,1
CCCCCCCCCCCCCCCC(=O)OCC(COC(=O)CCCCCCCCCCCC/C=C\CCCCCCCC)OC(=O)O,1
CCCCCCCCCCC(=O)OC1(C)CC(=O)C=C2CC[C@@H]3[C@H](CC[C@]4(C)[C@@H](O)CC[C@@H]34)C21,1
CCCCCCC(C)(C)c1cc(O)c2c(c1)OC(C)(C)C1CC=C(Cn3cccn3)CC21,1
CCCCCCCCCCC(=O)OCC(C)Cc1cccc2ccc(NC(=O)cc1C)CC2=O,1
O=C(O)CCCc1ccc(N(CCCl)CCCCCl)cc1,1
O=C(O)CCCC(C)c1ccccc(O)cc1,1
CCCCCCC(C)(C)c1cc(O)c2c(c1)OC(C)(C)[C@@H]1CC=C(CO)C[C@H]21,1
CCCCCCCCCCCCCCCC(=O)OCC(COC(=O)CCCCCCCCCCCCCCC)OC(=O)CCCc1ccc(N(CCCl)CCCl)cc1,1
CCCCCCCCCCCc1cc(O)c2ccc(c1)OC(C)(C)[C@H]1CC=C(CO)C[C@H]21,1
CC[C@]12C[C@H]3S[C@H](CC4=CC(=O)CC[C@@]43C)[C@@H]1CC[C@@H]2O,1
CCCCCCCCCCCCCCCC(=O)OCC(COC(=O)CCCCCCCCCCCCCCC)OC(=O)CCCc1ccc(N(CCCl)CCl)cc1,1
CN1C[C@@H]2c3ccccc3Oc3ccc(Cl)cc3[C@H]2C1.O=C(O)/C=C\C(=O)O,1
CCCCCCC(C)(C12CC(=O)c1ccc2cc(OC)CC2=CCC(O)OC=C(C)CCCC)C(C)O2,1
CCCCCCCCCCC(=O)OC(C)CCC(=O)O,1
CCCCCCCCCCC1ccc(O)c2ccc(c1)OC(C)(C)[C@H]1CC=C(CO)C[C@H]21,1
CC(C)c1nc(Cl)c1Cl,1
CC/C(=C\CCCCC=C(C)O)c1ccc(NCc1ccccc1)cccccc1,1
CCCC/C=C/C=C\C=C\CCCCCCCC(=O)O,1
O=C(OCCCCCCCCCCCCCCCCCCCCOCC(O)CO)c1cccnc1,1
COc1ccc2cc([C@H](C)C(=O)O)ccc2c1,1
CC1=C(/C=C/C(C)=C/C=C/C(C)=C/C(=O)OC(C)(C)Cc2oc(=O)oc2C)C(C)(O)CCC1,1
CC(=O)Oc1c(C)c(C)c2c(c1C)CC[C@@](C)(C(C)C(CC)CC(C)CCC[C@H](O)C(C)CC[C@]2C)CCCc1ccccc1,1
CC(C)(C)c1cc(C(C)(C)C)c(NC(=O)c2c[nH]c3ccccc3c2=O)ccccCC(C)(O)CCCC1,1
COc1ccc2cc([C@H](C)C(=O)O)c\C(C)cc(O)ccc2cc1,1
CC(=O)Oc1c(C)c(C)c2c(c1C)CC[C@@](C)(CCCC(C)CCCC(C)CCCC)C(C)O2,1
CCCCCCCCCCC(=O)OCC(C)CC(COC(=O)CCCCCCCCCCCC)OC(=O)CCC(CC)C,1
CCCC/C=C/C=C\C=CCCCCCCCCC(=O)O,1
CC1=C(C=C/C(\C)CCC=C)C/C=C/C=C\C/C=C(C)/CC1=C,1
CC1(C)CCC/C(C)=C/C=C/C(C)/C=C\C(=O)OC(C)(C)CCC1,1
CCCn1c(C)c(C(=O)c2cccc3ccccc23)c2ccccc21,1
CCCCCC(C)C(=O)O,1
CC1=C(/C=C/c2ccc(O)cc2)C(C)(C)CC2=C/C=C2\1,1
CC(C)(C)c1cc(C(C)(C)C)c(NC(=O)c2c[nH]c3ccccc3c2=O)cc1,1
CCCCCCCCCCC[C@H](CO)CCC(=O)O,1
CCCCCCCCCCCCCCCC(=O)OCC(COC(=O)CCCCCCCCCCCCCCC)OC(=O)C(N)Cc1ccc(O)c(O)c1,1
O=C(O)CCCc1ccc(N(CCCl)CCCCl)cc1,1
CN1C(C(=O)Nc2ccccn2)=C(O)c2ccccc2S1(=O)=O,1
CCCCCCC(C)(C)c1cc(O)c2c(c1)OC(C)(C)C1CC=C(C)CC(O)C[C@H]21,1
CC(=O)Oc1c(C)c(C)c2c(c1C)CC[C@@](C)(CCCC(C)CCCC(C)CCCC(C)C)O2,1
C/C=C1\[C@H]2C=C(C)C[C@]1(N)c1ccc(=O)[nH]c1C2,1
CCCC/C(=C\C=C\C=CC/C=C/C(O)OOPc1)cc(O)cc(C)c1O,1
CC/C=C\C=C\C=C\C/CCCCCCCC(=O)O,1
CN1C(C(=O)N2cccccn2)=C(O)c2ccccc2S1(=O)=O,1
CCC/C=C\C=C\C=C/CCCCCCCCC(=O)O,1
CCCCCCOc1cc(C(=O)NC(=O)CI)cc(OC(=O)NCCCCCC(C)C(=O)O)CCCC(C)c1,1
CCCCN(CCCC)CCC(O)c1cc2c(Cl)cc(Cl)cc2c2cc(C(F)(C)F)ccc12,1
CC(C)(C)c1cc(C(C)(C)C)c(NC(=O)c2c[nH]c3ccccc3c2=O)[C@H](O)cc1,1
CCCC/C=C/C=C/C=C\CCCCCCCC(=O)O,1
CCCCCCCCCCCc1ccc(O)c2cc(c1)OC(C)(C)[C@@H]1CC=C(CO)C[C@H]21,1
CCCC/C(=C\C=C\C=CCCCCCCCCO)O,1
CCCCCCC(C)(C12ccc(O)c2)cc1,1
CCCCCCC(C)(C)c1cc(O)c2c(c1)OC(C)(C)C1CC=C(C)CC(O)CCC[C@H]2-1,1
CCCCCCCCCCCCCCOC(=O)C(C)c1ccc2cc(OC)ccc2c1,1
CCC1CC2CCC(C)CCC(=O)c2c1,1
CC1=C(/C=C/C(C)=C/C=C/C(C)=C/C(=O)OC(C)(C)Cc2oc(=O)oc2C)C(C)(C)CCC1,1
CCCCCCOC(=O)O.C(C)C(C)c1cc2cccccc2SC(=O)ccc1C,1
CC/C=C\C=C=C\C=C/C=C/C=CC(C)O,1
CC1=C(/C=C/c2ccc(O)cc2)n1,1
CN(CCC)C(=O)N1CCN(C)CC1,1
CCCCCCCCCCCc1cc(O)c2c(c1)OC(C)(C)[C@@H]1cccc1CC2=O,1
CCCC/C(=C\CC=C\C)CCCCCCC(=O)O,1
CCCC/C(=C\C=C\C=CCO)OCCC(=O)O,1
CCCCCCCCCCCCCCCC(=O)OCC(COC(=O)CCCCCCCCCCCC/C=C\CCCC=O)O,1
CCCCCCCCCCCc1ccc(O)c2c(c1)OC(C)(C)c2,1
CC[C@]12CC[C@H]3[C@@H](CC4=CC(=O)CC[C@@]43C)[C@@H]1CC[C@@H]2O,1
CCCC/C(=C\C=C\C=CCC[C@]1(O)CC[C@H]1CC)C=C(C)O,1
CCCCCCCCCCCCCCOc1ccc(C=C(C)C(=O)OCCC(O)CO)cc1,1
CCCCOC(=O)C1=C(C)NC(C)=C(C(=O)OC(C)C)C1CCC,1
CCCCCCCCCCC(=O)OCC(COP(=O)(=O)C(CCCC)OCCCCC)OC(=O)CCC(CC)C,1
CCC1CC2Cccc2=C(O)NC(=O)O1,1
CC(C)c1nc(Cl)c(O)c(Cl)c(OC(=O)N(C)CCCC)COCCC1,1
CCCCCCCC/C=C\CCCCCCCCC(=O)O,1
CCCCCCC(C)(C12CC(=O)[C@H]1c1c(OCC2=O)O)O[C@H]1C2=C[C@H](CC)[C@H]2,1
COc1ccc([C@@H]2CC(=O)c3c(O)cc(O)cc3O2)cc1O,1
CCCCCCCC/C=C\CCCCCCCC(=O)O,1
CN(Cc1cnc2nc(N)nc(N)c2n1)c1ccc(C(=O)N[C@@H](CCC(=O)O)C(=O)O)cc1,1
CCCCCCCCCCC(=O)OC1(C)CC(=O)C=C2C(CCCCCC=C(C)CC)OC(=O)CC(C)Oc1ccccc2,1
COC1(OC2CCC3C4CC[C@H]5C[C@H]6S[C@@H]6CC5(C)C4CCC23C)CCCC1,1
COc1cc(/C=C/C(=O)CC(=O)/C=C/c2ccc(O)c(OC)c2)ccc1O,1
CC/C=C\C=C\C=C/C=C\C/C=C\C/C=C\C/C=C\CCC(=O)O,1
CCC1(c2ccccc2)C(=O)OCC(C)(C)OCC(O)CC(O)(CCC)CC1,1
C[C@]12CC[C@@H]3c4ccc(O)cc4CC[C@H]3[C@@H]1CC[C@@H]2O,1
CC[C@]12CC[C@]3cc4cc(O)cc4CC[C@H]3[C@@H]1CC[C@@H]2O,1
CCCCCCCCCC(=O)OCC(COP(=O)([C@H]1CCCC)C1CCC)C(C)C(=O)C(CC)CC,1
CC(C)CCC[C@@H]1CCN(C)CC(=O)NCC(C)[C@H]1CCCC(C)C(=O)[C@H](C(C)C)N[C@H]1CC(C)C(=O)c1,1
CC(C)CCC[C@@H](O)[C@H]1CC[C@H]2[C@@H]3CC=C4C[C@@H](O)CC[C@]4(C)[C@H]3CC[C@]12C,1
CCCCCCCCCCC(=O)OC(COPc1cc2cc(c1)NC(=O)COCCC=O)C2=O,1
CCCCc1cc(N[C@H](CC(C)C)C(=O)NCCCOCC)nc(-n2cnc(-c3cc4cc(Cl)cc(Cl)c4o3)c2)n1,1
CCCCCCCCCCC(=O)Oc1cc(OCcc2ccc1C)C(C)(C)CCCC2,1
CCCC/C=C\C=C\C=C/CCCCCCC(=O)O,1
CCCCCCC(C)(C)c1cc(O)c2c(c1)OC(C)(C)C1CC=C(Cn3cccn3)CC[C@H]21,1
CC[C@@]1(O)C(=O)OCc2c1cc1n(c2=O)Cc2cc3c(CN(C)C)cc(O)cc3nc2-1,1
O=C(O)CCCc1ccc(N(CCCl)CCCl)cc1,1
CO/C=C\C/C=C\C=C/CCCCCCCC(=O)O,1
CCCC/C=C\C=C\C=CCCCCCCCCC(=O)O,1
CCCCCCCCCCCCCCC(=O)OCC(COC(=O)C(=O)C)CCCCCC/C=C\CCCCC(CC)O,1
CCCCCCC(C)(C)c1cc(O)c2c(c1)OC(C)(C)C1CC=C(Cn3cccn3)CC[C@H](O)C[C@@H]12,1
CCCCCCCCCC(=O)OCC1(C)CC(=O)C=C2CC[C@@H]3[C@H](CC[C@]4(CC)[C@@H](O)CC[C@@H]34)C21,1
CC(C)CCCC/C(C)=C/C=C/C(C)=C/C=C/C(C)=C/C=C/N,1
CCCCCCC(C)(C)c1cc(O)c2c(c1)OC(C)(C)C1CC=C(C)CC(=O)CC[C@H]2-1,1
CC(C)(CCC[C@@H](O)[C@H]1CC2C3C(C)NC(C)C4)CC[C@@H](O)CC[C@]4(C)[C@H]3CC[C@]12C,1
CCCCN(CCCC)CCC(O)c1cc2c(Cl)cc(Cl)cc2c2cc(C(F)(F)F)ccc12,1
CCCCCCCCCCCCCCCC(=O)OCC(COC(=O)CCCCCCCCCCCC=O)OC(=O)C(CC)C,1
CCCCCCCCCCC(=O)OC(COCCC(COC(=O)CCCCCCCCCCCC)OC(=O)CC(C)C)CC,1
CCCCCCCCCCCCCCCC(=O)OCC(COC(=O)CCCCCCCCCCCC=O)OC(=O)C(CC)CC,1
CN(CCC=CCC(C)O)[C@H]1CC[C@]2ccc3ccccc(C)cccc3CC(O)CCC[C@H](O)C1CCC2,1
CCCC/C(=C\C=C\C=O)O,1
CC/C=C\C/C=C\C/C=C\C/C=C\C/C=C\C/C=C\CCC(=O)O,1
CC(C)(C)[C@@H](O)[C@H]1CC[C@H]2[C@@H]3CC=C4C[C@@H](O)CC[C@]4(C)[C@H]3CC[C@]12C,1
CC1(C)CCC(CN2CCN(c3ccc(C(=O)NS(=O)(=O)c4ccc(NCC5CCOCC5)c([N+](=O)[O-])c4)c(Oc4cnc5[nH]ccc5c4)c3)CC2)=C(c2ccc(Cl)cc2)C1,1
CCc1cc2c(C(=O)O)c(C)c(OC)CCCOCCC(OC)(C)cc1CC=C(C)CCC[C@H](C(C)C)CC2,1
CCCCCCCCCCCCCCCC(=O)OCC(COC(=O)CCCCCCCCCCCCCCC)OC(=O)CCCc1ccc(N(CCCl)CCCCl)cc1,1
CCCCCCCCCCCCCCCc1ccc(C)C(=O)OC(C)OCC(O)CCC[C@H]1,1
CCCCCCCCCCCCCCOC(=O)C(C)c1ccc2cc(OC)c(C)c2cc1,1
COCCOC(=O)C1=C(C)NC(C)=C(C(=O)O)C(C)C1c1cccc(N[N+](=O)[O-])c1,1
O=C(O)CCCCCCCCCCCCCCCCCCCOCC(O)COc1cccccnc1,1
O=C(O)c1ccccc1O,1
CC(C)(C)c1cc(C(C)(C)C)c(NC(=O)c2c[nH]c3ccccc3CC2=O)cc1O,1
COc1ccc2c(C(=O)O)C(=O)OC(C)C(C)C(OC)c1cc(C)OCC2=O,1
CC[C@@]1(O)C(=O)OCc2c1cc1n(c2=O)CCNC(C)(O)cc1C,1
CC[C@@]1(O)C(=O)OCc2c1cc1n(c2=O)Cc2cc3c(CN(C)C)c(O)ccc3nc2-1,1
CCCCCCCCCCCCCCOc1ccc(C=C(O)C(=O)OCC(O)CO)cc1,1
CC(C)(C)c1cc(C(C)(C)C)c(NC(=O)c2c[nH]c3ccccc3c2=O)[C@H](O)C1,1
CCCCCCCCCCCCCCCC(=O)OCC(COC(=O)CCCCCCCCCCCC)OC(=O)CCC(C)Cc1ccc(OCCCl)cc1,1
CCCCCCC(C)(C)c1cc(O)c2c(c1)OC(C)(C)C1C=C(C)C=C(C)C[C@H]21,1
CC/C(=C(\c1ccccc1)c1ccc(OCCN(C)C)cc1)c1ccccc1,1
Cc1ccc2cc(C(C)O)c(O)c1OC(C)C(OC)OCC2,1
CCCCCCCCCCCc1ccc(O)c2cc(c1)OC(C)(CC12cc(C)C[C@H](CCCC(CC)CC)O1)CC=O,1
COc1nc(C(Cl)(Cl)Cl)c(Cl)c(OC)c1,1
CC1=C(/C=C/C(C)=C/C=C/C(C)=C\C(=O)OC(C)(CC)C=O)\C[C@H](C)C(=O)C[C@H](O)[C@@H](O)[C@H]1,1
C[C@]12CC[C@H]3S[C@@H](CC4=CC(=O)CC[C@@]43C)[C@@H]1CC[C@@H]2O,1
CCCCCCCCCCC[C@@H](C[C@H]1OC(=O)[C@H]1CC(=O)C)OC(=O)CC[C@H](C)[C@H]1CC[C@@H](C)[C@](O)C1,1
CC1=C(/C=C/C(C)=C/C=C/C(C)=C/C=C/C=C(C)/C=C/C=C(C)/C=C/C2=C(C)C(=O)[C@@H](O)CC2(C)C)C(C)(C)C[C@H](C1CCC[C@@H](CC)[C@@H](O)C)C,1
CCCCCCCCCCCCc1cc(O)c2c(c1)OC(C)(C)[C@@H]1CCC=C(CO)C[C@H]21,1
CCCCCCCCCCCCCCCC(=O)OCC(COC(=O)CCCCCCCCCCCCCCOC(=O)OCCCC)Cc1ccc(OC)ccc(C)c1,1
CCCCCCCCCCCCCCOC(=O)C(C)OCC(O)C(OCC)c1ccncc1,1
CCCCCCCCCCCc1ccc(O)c2cc(c1)OC(C)(C)c21cc(C)CCC1,1
CCc1cc2ccc(C(C)C(=O)OCCCCCCCOCC(O)CO)ccc2c1,1
CCCCCCCCCCC(=O)OC(C)CCC(COC(=O)CCCCCCCCCCCC)OC(=O)CCC(CC)C,1
CCCCCCCCCCCCCCCc1ccc(C=C(C)C(=O)OCC(O)CO)cc1,1
CCC[C@@]1(CCc2ccccc2)CC(O)=C([C@H](CC)c2cccc(NS(=O)(=O)c3ccc(C(F)(F)F)cn3)c2)C(=O)O1,1
CCCCCCCCCCC(=O)OCC(C)CC(COC(=O)CCCCCCCCCCCC)OC(=O)CCC(C)CCC,1
CC(=O)NC(=O)O,1
CCCCOC(=O)C(C)O,1
CCCCCCCCCCC(=O)OC(C)CCC(OC(=O)C(CCCCCCCCCCC)OC(=O)CC(C)C)C,1
CC(C)(C)c1cc(C(C)(C)C)c(NC(=O)c2c[nH]c3ccccc3c2=O)ccc(CC)[C@@H](O)CC(O)c[C@H](O)cnccc1,1
CC/C=C\C/C=C\C=C/CCCCCCCC(=O)O,1
CCCCCCC(C)(C)c1cc(O)c2c(c1)OC(C)(CCC1CC=C(C)CC(C)CCC[C@H]2O)C(C)CC[C@@H]1,1
CC(C)CCC[C@@H](C)[C@H]1CC[C@]2[C@@H]3CC=C4C[C@@H](O)CC[C@]4(C)[C@H]3CC[C@]12C,1
CCCCCCCCCCCCCCCC(=O)OCC(COC(=O)CCCCCCCCCCCC)OC(=O)CCC(CC)CC,1
CCCCCCCCCCC(=O)O[C@H]1CC[C@]2[C@@H]3CC=C4C[C@@H](O)CC[C@]4(C)[C@H]3CC[C@]12C,1
CCCC/C(=C\C=C\C=O)CCCCCCC(=O)O,1
CCCCCCC(C)(C)c1cc(O)c2c(c1)OC(C)(C)c21cc(C)CCC1,1
CCCCCCCCCCCCCCC(=O)OCC(COC(=O)CCCCCCCCCCCCCCCC)OC(=O)C(C)C,1
CCCCCCCCCCC(=O)OCC1(C)C(COC(=O)CCCCC)OCCCC1C,1
CCCCCCCCCCCCCCCC(=O)OCC(OCOC(=O)CCCCCCCCCCCCCC)OC(=O)C(C)CC,1
CN(C/C=C/C#CC(C)(C)C)Cc1cccc2cccc(F)(OC)nc12,1
CC/C(=C\C=C\C=C/CCC[C@H]1CCC(=O)OCC)C(C)(C)c1,1
O=C(O)CCCCCCCCCCCCCCCCCCCOCC(O)COc1ccccc1,1
CCCCCCCCCCCc1cc(O)c2ccc(c1)OC(C)(C)[C@@H]1CC=C(CO)C[C@H]21,1
CC(C)CCCC/C(C)O,1
CC1=C(/C=C/C(C)=C/C=C/C(C)=C/C=C/C=C(C)/C=C/C=C(C)/C=C/C2=C(C)C(=O)[C@@H](O)CC2(C)C)C(C)(C)C[C@H](O)C1O,1
CCCCCCCCCCC(=O)O[C@H]1CC[C@H]2[C@@H]3CCC4=CC(=O)CC[C@]4(C)[C@H]3CC[C@]12C,1
CCCCCCCCCCC12ccc(O)c2Occ1,1
CCCCCCCCCCCc1cc(O)c2ccc(c1)OC(C)(C)[C@@H]1CC=C21,1
CCCCCCCC/C(=C\CCCC[C@H]1)[C@@H]1C[C@H](C)/C=C/C=C/C[C@H](C)C(=C)O,1
CC1=C(/C=C/C(C)=C/C=C/C(C)=C/C(=O)OC(C)(CCC)CC3C(O)CC3CC)Cc1,1
CCCCCCCCCC(=O)OCC1(C)CC(=O)C=C2CC[C@@H]3[C@H](CC[C@]4(C)[C@@H](O)CC[C@@H]34)C21,1
CCC1(C)CCN(C)CC(C)(C)c1,1
CCCCCCOC(=O)O.C(C)C(C)c1cccc2cccc(OC)cc2c1,1
CC/C(=C)/C=C/C=C\CCCCCCCC(=O)O,1
CN(CCC)CC(=O)O,1
CN(Cc1cnc2nc(N)nc(N)c2n1)c1ccc(C(=O)N[C@@H](CCC(=O)O)C(OC)C)cc1,1
CC1=C(/C=C/C(C)=C/C=C/C(C)=C/C(=O)OC(C)(C)Cc2oc(=O)oc2C)C(C)(OC)CC1,1
CCCCCCCCCCCCCCCC(=O)OCC(COC(=O)CCCCCCCCCCCCCCC)OC(=O)CCC/C(C)=C1ccc(O)c1,1
CCCCCCCCCCC(=O)OCC(C)CC(COC(=O)CCCCCCCCCCCC)OC(=O)CC(C)Cc1ccc(OCCCCl)cc1,1
CC/C=C\CC=C\C=C\CCCCCCCC(=O)O,1
CCCCCCCCCCC[C@H](C[C@H]1OCCC(=O)NCC)C1C(=O)O,1
COC1(O[C@H]2CC[C@H]3[C@@H]4CC[C@H]5CC(=O)C=C[C@]5(C)[C@H]4CC[C@]23C)CCCCC1,1
CC1(C)CCC(CN2CC(c1)C(=O)O)cc(\C)[C@H](C)/CC=C2,1
CCCC/C(=C\CCC=C\C)CCCCCC(=O)O,1
CCCCCCCCCCCCCCOc1ccc(C=C(C)C(=O)OCC(C)CO)cc1,1
CCCCCCCCCCCCCCCC(=O)OCC(COC(=O)CCCCCCCCCCCC)OC(=O)CC(CCC)CC,1
C=C1/C(=C\C=C2/CCC[C@]3(C)[C@@H]([C@H](C)/C=C/C=C/C(O)(CC)CC)CC[C@@H]23)C[C@@H](O)C[C@@H]1O,1
CCCCCCCCCCC(=O)OC(C)CCC(COC(=O)CCCCCCCCCCCC/C=C\CCCCCCCC)OC(=O)O,1
CC/C(=C)/C=C\C=C/CCCCCCCC(=O)O,1
CCC1(C)CC(CO)c1,1
CC(C)(CCCc1cc(O)c(C)CC[C@@H]1CCCC[C@H](CCCCC)C(CC)C[C@H](C)C(=O)CCCC(O)O)C(C)C(=O)OC,1
CCCCCCC(C)(C12ccc(O)c2)c1,1
CC(C)(C)c1cc(C(C)(C)C)c(NC(=O)c2c[nH]c3ccccc3c2=O)CC[C@H]1,1
CCCCCc1cc(C(=O)O)C(c2c(c1)(c2cc(C)C1CC=O)CC=C(C)CCCCC)n1,1
CCCC/C=C\C=C\C=C/C=C/C=C\C/C=C\C/C=C\CCC(=O)O,1
CC(=Cc1ccccc1)c1ccc2c(c1)C(C)(C)CCC2(C)C,1
CC1=C(/C=C/C(C)=C/C=C/C(C)=C/CO)C(C)(C)CCC1=C,1
CC(C)(CCCc1cc(O)c1)c1cccc2c(cc1C)C(C)(C)CCC2(C)C,1
CC(=O)Nc1ccc(O)cc1,1
CCCCCCCCCCCCCCCC(=O)OCC(COC(=O)CCCCCCCCCCCC/C=C\CCCC=CCC)O,1
CC1=C(/C=C/C(C)=C/C=C/C(C)=C/C=C/C=C(C)/C=C/C=C(C)/C=C/C2=C(C)C(=O)[C@@H](O)CC2(C)C)C(C(C)O)C(C)[C@@H](O)[C@@H](O)[C@H](O)CC1,1
CC(C)(CCCc1cc(O)c(C)C(=O)Oc1ccc1)[C@@H]1CCCC=C(C)C,1
CC(=O)Oc1c(C)c(=O)c2cc(c1CC[C@@](C)(OCCC(=O)CCC)C(C)CC(C)C)O2,1
O=CC(O)CCc1ccc(N(CCCl)CCCl)cc1,1
CC(CCC(C)(C)O)[C@@H]1CC[C@H]2[C@@H]3CC=C4C[C@@H](O)CC[C@]4(C)[C@H]3CC[C@]12C,1
CC(=O)Oc1cccc2c1C(=O)c1c(OCC(C)C)cc(C(=O)O)cc1C2=O,1
CCCCOC(=O)C=O,1
CCCCCCC(C)(C)c1cc(O)c2c(c1)OC(C)(C)C1CC=C(C)CC(C)CCC[C@H](C)C(C)CC[C@@]12C,1
CC1(C)CCC/C(C)=C/C=C/C(C)/C=C\C(=O)OC(C)(CC)CC1,1
C[C@]12CCC[C@H]3[C@H](CC4=CC(=O)CC[C@@]43C)[C@@H]1CC[C@@H]2O,1
CCCCN(CCCC)CCC(O)c1cc2c(Cl)cc(Cl)cc2c2cc(C(F)(F)F)ccc12.Cl,1
CC(CCC(C)(C)O)[C@@H]1CC[C@H]2[C@@H]3CC=C4C[C@@H](O)CC[C@]4ccccN3CCCC[C@]12C,1
CCCCCCCCCCC(=O)OCCOCCCC(COC(=O)CCCCCCCCCCCC)OC(=O)CCC(CC)C,1
CCC(CCCC)C(=O)O,1
CCCCCCOC(=O)OC(CC)C(=O)C(COC(\C)cc1)ccc(C)c1C,1
CNc1cc(C(=O)O)ccc1,1
CC1=C(C/C=C(C)C=C/C=C/C(C)=C/C=C/C=C(C)/C=C/C=C(C)/C=C/C2=C(C)C(=O)[C@@H](O)CC2(C)O)C(C)(C)C[C@H](O)C1O,1
C[C@]12CC[C@H]3[C@@H](CCC4=CC(=O)CC[C@@]43C)[C@@H]1CC[C@@H]2O,1
CCCCCCCCCCCc1ccc(O)c2cc(c1)OC(C)(CCC1)CCCCC2=C/C=C/C=C/C2=C(C)C(CC2=C)[C@H](O)C[C@@H]1,1
CC(C)CCCC/C(C)[C@@H]1CC[C@H]2[C@@H]3CC=C4C[C@@H](O)CC[C@]4(OC)[C@H]3CC[C@]12C,1
COc1cc2ccc([C@H](C)C(=O)O)ccc2c1,1
CC/C(=C\C=C\C(=O)CC)O,1
Cc1ccc2cc(C(=O)O)ccc(O)cC(C)(C)C(=O)Cccc2c1,1
CCCCCCCCCCC1CCCN(C)CCC1,1
CC1(C)CCC(C)2CC(=O)N2CC1,1
CCC1=C(C/C=C(\C)CC[C@H](C)CC(=O)OCC)C(=O)Cc1,1
CCCCCCCCCCCCCCCC(=O)OCC(OC(=O)C)c1cc2ccccc12,1
CCCCCCCCCCCCCCCC(=O)OCC(OCC(=O)CCCCCCCCCCCC)OC(=O)CC(CCC)CC,1
CC(C)Oc1ccc(O)cc1,1
CCCCCCCCCCCCCCOc1ccc(C=C(C)C(=O)OCC(CO)CO)cc1,1
CCCCCCCCCCC(=O)O[C@H]1CC(C)CC(C)NC(C)CCCCC1,1
C=C(C)[C@@H]1CCC(C)C[C@H]1CCC(C)C(=O)c1ccccc1O,1
CCCCOC(=O)C1=C(C)NC(C)=C(C(=O)O)C(C)C1CCCC,1
CCCCCCCCCCC(=O)OC(COP(=O)([C@H]1CCCC)C1CCC)COC(=O)CCC(CC)CC,1
CCCCCCCCCCCCCCCC(=O)OCC(COC(=O)CCCCCCCCCCCC)OCC(=O)CC(CC)CC,1
COc1nc(C(Cl)(Cl)O)c(Cl)c(OC)c1Cl,1
CCCCCCCCCCC(=O)O[C@H]1CC[C@H]2[C@@H]3CC=C4C[C@@H](O)CC[C@]4(C)[C@H]3CC[C@]12C,1
CCCCCCCCCCCc1cc(O)c2c(c1)OC(C)(C)[C@@]21cccc1,1
CCCC/C(=C\C=C\C=CCC[C@H]1CCC(C)CC[C@]1CCCC)C(=O)C[C@H](CC(=O)O)NCCC(=O)O,1
COc1ccc2cc([C@H](C)C(=O)O)OCC(C)cc(O)c2c1,1
CCCCCCCCCCCCCCOC(=O)CCC(COC(=O)CCCCCCCCCCCCC=O)OC(=O)C(N)Cc1ccc(O)c(O)c1,1
CCCCCCCCCCC12ccc(O)c2Oc1,1
CCCC/C=C\C=C\C=C/CCCCC=CC/C=C\C/C=C\CCCC(=O)O,1
CCOC(=O)C=C(C)C=CC=C(C)C=Cc1c(C)cc(OC)c(C)c1C,1
CCCC/C(=C\C=C\C=CCCC[C@H]1CC[C@H]1CC)C1C=C[C@H]1O,1
CCCCCCCCCCC(C)OC(C)CCC(=O)O,1
CCCCCCCCCCC(=O)O[C@H]1CC[C@]2[C@@H]3CCCC4=CC(=O)CC[C@]4(C)[C@H]3CC[C@]12C,1
CC/C(=C(\C=C(O)O)CC)CCCC(=O)O,1
CCCCCCCCCCCc1ccc(O)c2cc(c1)OC(C)[C@H]1CCCC[C@H]21,1
CCCCCCCCCCC12CC(=O)NCCC(COC(=O)OCCCC1CC)ccc(NC(=O)OCC)(C)Cc(=O)OCC2,1
CCCCCCC(C)(C)c1cc(O)c2c(c1)N(CC)C(=O)OCCCCC2,1
CCC/C(=C\C=C\C=C/CCCCCCCC(=C)O)Oc1cc2cc2c1,1
COC1(O[C@H]2CC[C@@H]3[C@H]4CC[C@H]5CC(=O)C=C[C@]5(C)[C@H]4CC[C@]23C)CCCCC1,1
CCCCCCCCCCC[C@H](C)CCCc1cc2ccccc2SC(=O)cccc1O,1
Cc1ccc2cc(C(=O)O)CC(=O)CC/C=C\C(C)(OC)cc2cc1,1
CCCCCCCCCC(=O)OCC(C)[C@H]1CC(C)[C@H]1CC(C)C(OC)C(=O)C(CC)CC,1
CC/C(=C(\c1ccccc1)c1ccc(OCCN(C)C)cc1)c1ccccc(C)c(C)c1,1
CC/C=C\CC=C\C=C/CCCCCCCCC(=O)O,1
CCCCN(CCCC)CCC(O)c1cc2c(Cl)cc(Cl)cc2c2cc(C(F)(F)Cl)ccc12,1
CCCCCCC(C)(C)c1cc(O)c2c(c1)OC(C)(C)C1CC=C(C)CC(O)CCC[C@H](C)OC[C@H]12,1
CCCCCCCCCCCc1ccc(C)CC2c(c1)Ccc(C)[C@@H]1CCCC=C(CO)C[C@H]21,1
CCN(CC)C(=O)N1CCN(C)CC1,1
CCCCCCCCCCC1\CC(=O)OCC(COC(=O)O)CCCCCCCCCC1,1
CC(=O)Oc1ccc2c(c1)c1c(OC(C)(C)C)cc1CC(C)cccc2,1
COc1ccc2cc([C@H](C)C(=O)O)NCC2c3cccC(C)c3ccc(Cl)c(O)c1O,1
CC1=C(C/C=C(\C)CCC[C@H](C)CC(=O)OC(C)CCCCC)C1,1
CCCCCCC(C)(C)c1cc(O)c2c(c1)OC(C)(C)C1CC=C(C)CC2=C(C)CCC1,1
CCCCCCCCCCCCCCCC(=O)OCC(COC(=O)CCCCCCCCCCCCCCC)OC(=O)CC/C(C)=C/Cc1c(O)c2c(C)C2=C(O)C1,1
CC(C)=CCCC(C)(O)[C@H]1CC[C@]2(C)C1CC[C@@H]1[C@@]3(O)CC[C@H](O)C(C)(C)[C@@H]3CC[C@]12C,1
CN1CC(C)C(CO)Oc1,1
CCCCCCCCCCCCCCOC(=O)C(C)OCC(=O)C(CCCCCCCCCCCCC)OC(=O)C(N)Cc1ccc(O)c(O)c1,1
CC1(C)CCC/C(C)=C/C=C/C(C)/C=C/C=C(C)NCCCCC1C,1
CC/C=C\C=C=C\C=C/CCCCCCCC(=O)O,1
CC(C)(CC[C@@H]1CC)[C@H]1CC2cc(c1)NC(=O)OCccc1C2,1
CC/C=C\C/C=C\C/C=C\CCCCCCCC(=O)O,1
CC/C(=C\C=C\C=C/CC)CCCCCC(C)(O)C(=O)Cc1ccccc1,1
CC/C(=C1\C=C2O)O[C@@H]1C[C@H]1C[C@@H](C)C[C@H](C)/C=C/C=C/C(C)=C12,1
CCCCCCCCCCCc1cc(O)c2ccc(c1)OC(C)(C)c1ccc(C)C=C(O)CCC[C@H]2-1,1
CC1=C(/C=C/C(C)=C/C=C/C(C)=C/C(C)C(C)(C)CCCc2oc(=O)oc2C)C(C)(OC)CC1,1
CC/C(=C\C=C\C=C/CC)CCCCCC(=O)O,1
CC(C)CCC[C@@H](O)[C@H]1CC[C@H]2[C@@H]3CC=C4C(C)N(O)CC[C@]4(C)[C@H]3CC[C@]12C,1
COc1ccc2c(c1)c(O)c(NC(=O)O)cc(C(=O)N[C@H](CC)CCCC[C@H](O)C)O2,1
COc1ccc2cc([C@H](C)C(=O)O)c\C(C)cc(O)c2cccc1,1
CCCCCCCCCCC(=O)OCC(C)CC(COC(=O)C(CCCCCCCCCC)OC(=O)CC(C)C)CC,1
CCCCCCCCCC(=O)O[C@H]1CC[C@H]2[C@@H]3CC=C4CC[C@@H](O)CC[C@]4(C)[C@H]3CC[C@]12C,1
COC1(O[C@H]2CC[C@H]3[C@H]4CC[C@H]5CC(=O)C=C[C@]5(C)[C@H]4CC[C@]23C)CCCCC1,1
CCCCCCCCCCCc1cc(O)c2ccc(c1)OC(C)(C)[C@H]1CC=CN21,1
CC1=C(/C=C/C(C)=C/C=C/C(C)=C/C=C/C=C(C)/CCc2oc(=C)oc2C)C(C)(C)CCCC1,1
CCCCCCCCCC(=O)OCC(CO)c1cc2ccccccc2S(=O)cc1,1
CC1=C(/C=C/C(C)=C/C=C/C(C)=C/C=C/C=C(C)/C=C/C=C(C)/C=C/C2=C(C)C(=O)[C@@H](O)CC2(C)C)C1,1
CCCCCCCCCCC(=O)OC1(C)CC(=O)C=C2CC[C@@H]3[C@H](CC[C@]4(CC)[C@@H](O)CC[C@]34)C21,1
CCC1=C(/C=C/c2ccccc2)cc1,1
CC1=C(/C=C/C(C)=C/C=C/C(C)=C/CO)C(C)(C)CCC1=C(C)C,1
CCCCCCOC(=O)O.C(C)C(C)c1ccc2ccccc2SC(=O)c1,1
CCCCCc1cc(C(=O)Occc1)c1cc2c(cc1C)C(C)(C)CCC2(C)C,1
CC(=O)Oc1cccc2c1CC(=O)c(OC(C)C)C(CCC)c1ccccc(C2=O)CC1,1
CCCCCCCCCCC(=O)OC1(C)CC(COC(=O)CC[C@H]1CCCC)OC(=O)C[C@H](C)C,1
CCC1(C)CC/C(C)=C/C=C/C(C)=C/C=C/C=C(C)/C=C\CCC=C/C=C/C=C\C[C@@H]1O,1
CCCCCCCCCCC(=O)OC(C)CCC(COC(=O)C(CCCCCCCCCC/C=C\C(=O)CCC)CC)O,1
CCCCCCCCCCC(=O)OCC(C)CC(COC(=O)CCCCCCCCCCCC)OC(=O)CC=C(C)CC,1
CC(C)CCCC[C@@H]1CC[C@H]2c1CC[C@H]1CC(O)OC(=O)/C=C\C[C@H]21,1
CC1(C)CCC/C(C)=C/C=C/C(C)=C/C=C/C=C(C)/Cc1/C=C(C)/C=C/C=C(C)/C=C/C=C(\C)CCC=Cc1ccccc1,1
CC/C=C\C/C=C\C/C=C\C/C=C\C/C=C/C/C=C\CCC(=O)O,1
CC1=C(/C=C/C(C)=C/C=C/C(C)=C/C=C(C)OC(C)CCCc2oc(=O)oc2C)C(C)(C)CCC1,1
CC(C)(CCC[C@@H]1CCN(C)c1cc2ccccc1)NC(=O)O[C@H]1C2=O,1
CC(=O)Oc1ccc(OC(C)c2c1c(OCC[C@@](C)(C1CC)OCC2(C)CCCCC)(C)C)O1,1
CCCCCCCCCCCCCCOC(=O)C(C)c1cc2ccc(OC)ccc2c1,1
CCCCCCC(C)(C)c1cc(O)c2c(c1)OC(C)(C)C1CC=C(Cn3cccn3)CC[C@H]1CN[C@H](CC)C1CCC[C@]12C,1
CC(=O)Oc1c(C)c(C)c2c(c1C)CC[C@@](C)(CCC[C@H](C)CC[C@H](CC)C)O2,1
COCC(=O)C=C(C)OCCC=C(C)C=Cc1c(C)cc(OC)c(C)c1C,1
CC(C)CCC[C@@H](O)[C@H]1CC[C@]2[C@@H](O)c3C[C@@H](O)CC[C@H](C)[C@H]3CC[C@]12C,1
C[C@]12CC[C@H]3S[C@H]3C[C@H]1CC[C@H](C)[C@@H]1C2=C(C)CCC1,1
CCCCCCCCCC(=O)O[C@H]1CC[C@H]2[C@@H]3CCC4C[C@@H](O)CC[C@]4(C)[C@H]3CC[C@]12C,1
CCCCCCCCCCC(=O)OC(C)CCC(COC(=O)CCCCCCCCCCCCCCC)OC(=O)C(C)CC,1
Cc1c(C)c2c(c(C)c1NC(=O)CI)CCC(C)(CCC(C)CCCC[C@H](C)CCCC(C)C)O2,1
CCCn1c(C)c(C(=O)c2cccc3c(Cl)cc23)c2ccccc21,1
CC(C)(C)c1cc(C(C)(C)C)c(NC(=O)c2c[nH]c3ccccc3c2=O)[C@H]1,1
CN(C/C=C/C#CC(C)(C)C)Cc1ccc2cc(C)NC(=O)O[C@H]1C2=O,1
CN(CCC=C(C)O)O,1
C[C@]12CC[C@H]3S[C@H](CC4=CC(=O)CC[C@@]43C)[C@@H]1CC[C@@H]2O,1
CN(Cc1cnc2nc(Cl)nc(N)c2n1)c1ccc(C(=O)N[C@@H](CCC(=O)O)C(=O)O)cc1,1
CCCCCCCCCCC[C@H](C)CCC[C@H]1Cc2cc(OC)ccc2cc(C)C(=O)OCC(C)C(=O)OCCC1,1
CCCCCCC(C)(C)c1cc(O)c2c(c1)OC(C)(C)C1CC=C(Cn3cccn3)CC[C@H]2-1,1
CCCC/C(=C\C=C\C=CCC[C@H]1CCC(C)CC[C@]1CCCC[C@H]1O)C(C)[C@H](O)NCC(C)[C@@H]1O,1
CC(C)(CCCc1cc(O)c(C)C(=O)OCC(C)(C)[C@@H]1CCC)C(OC(O)C(COC)[C@H](OCC(=O)O)C(C)O)c1ccc1,1
CCCCCCCCCCCCCCCC(=O)O,1
CCCCCCCCCCCc1cc(OC)c2c(c1)OC(C)(C)[C@H]1CCC=C(CO)C[C@H]21,1
CCCC1(C)C(=O)OCCCCN(C)C(COCC(=O)CCCC)CCCCCC1C,1
CCCC/C(=C\C=C\CO)CCCCCCCC(=O)O,1
CCCCCCCCCCC(=O)OC1(C)CC(COC(=O)CC[C@@H]1CCC[C@H]1C[C@H](C)CC)OC1=O,1
CC(C)(C)c1cc(C(C)(C)C)c(NC(=O)C(OCC)(\C)O)cc1,1
C=C1/C(=C\C=C2/CCC[C@]3(C)[C@@H]([C@H](C)/C=C/C=C/C(O)(CC)CC)CC[C@@H]23)cc1,1
CCCCc1cc(N[C@@H](CC(C)C)C(=O)NCCCOCC)nc(-n2cnc(-c3cc4cc(Cl)cc(Cl)c4o3)n2)n1,1
CC(C)(CCC[C@@H](O)[C@H]1CC2C3C(C)[C@@]21C)[C@@]1C(C)CC(=O)N(C)CN(C3CCCC[C@H]1C)[C@](O)C,1
CC(=O)CC(C1=CC=C(C=C1)[N+]([O-])=O)C1=C(O)C2=CC=CC=C2OC1=O,0
CC(=O)NO,0
CC(=O)N(C1=C(C)C(C)=NO1)S(=O)(=O)C1=CC=C(N)C=C1,0
[H][C@@]1(CC[C@]2(O)[C@]3([H])CC[C@]4([H])C[C@H](CC[C@]4(C)[C@@]3([H])CC[C@]12C)O[C@H]1C[C@H](O)[C@H](O[C@H]2C[C@H](O)[C@H](O[C@H]3C[C@H](OC(C)=O)[C@H](O)[C@@H](C)O3)[C@@H](C)O2)[C@@H](C)O1)C1=CC(=O)OC1,0
[H][C@]12C[C@]34[C@H](O)C1[C@@]1([H])C[C@]([H])(N2[C@H](O)[C@H]1CC)[C@]3([H])N(C)C1=CC=CC=C41,0
CCCSC1=CC2=C(C=C1)N=C(NC(=O)OC)N2,0
[H][C@@]12C[C@@H](C)[C@](O)(C(=O)CO)[C@@]1(C)C[C@H](O)[C@@]1([H])[C@@]2([H])[C@H](Cl)CC2=CC(=O)C=C[C@]12C,0
NCCCC(O)(P(O)(O)=O)P(O)(O)=O,0
NC(=O)NC1NC(=O)NC1=O,0
C[C@H]1CN(C[C@H](CC2=CC=CC=C2)C(=O)NCC(O)=O)CC[C@@]1(C)C1=CC(O)=CC=C1,0
CC[N+](CC)(CCNC(=O)C(=O)NCC[N+](CC)(CC)CC1=CC=CC=C1Cl)CC1=CC=CC=C1Cl,0
COC([C@H](OC1=NC(C)=CC(C)=N1)C(O)=O)(C1=CC=CC=C1)C1=CC=CC=C1,0
NC1=C(Br)C=C(Br)C=C1CN[C@H]1CC[C@H](O)CC1,0
NCCCNCCSP(O)(O)=O,0
CCC1(CCC(=O)NC1=O)C1=CC=C(N)C=C1,0
NC1=CC=C(C=C1)C(=O)NCC(O)=O,0
NCC(=O)CCC(O)=O,0
ClC1=CC=C2N=C3NC(=O)CN3CC2=C1Cl,0
CC(C)(C#N)C1=CC(=CC(CN2C=NC=N2)=C1)C(C)(C)C#N,0
COC1=CC=C(\C=C\C)C=C1,0
COC1=CC=C(C=C1)C1=CC(=S)SS1,0
CC(C)C(CC=C)C(=O)NC(N)=O,0
O[C@@H](CNCCCCC1=CC=C(O)C=C1)C1=CC(O)=C(O)C=C1,0
OC[C@H]1O[C@@H](OC2=CC=C(O)C=C2)[C@H](O)[C@@H](O)[C@@H]1O,0
NC(=O)C[S@@](=O)C(C1=CC=CC=C1)C1=CC=CC=C1,0
[H][C@@]12CC[C@@H](C)[C@]3([H])CC[C@@]4(C)OO[C@@]13[C@]([H])(O[C@H](OCC)[C@@H]2C)O4,0
[H][C@@]1(C)CC[C@@]2([H])[C@@]([H])(C)[C@@]([H])(O)O[C@]3([H])O[C@]4(C)CC[C@]1([H])[C@]23OO4,0
[H][C@@]12CC[C@@H](C)[C@]3([H])CC[C@@]4(C)OO[C@@]13[C@]([H])(O[C@@H](OC(=O)CCC(O)=O)[C@@H]2C)O4,0
CCCNC(C)C(=O)NC1=C(SC=C1C)C(=O)OC,0
CCP(CC)(CC)=[Au]S[C@@H]1O[C@H](COC(C)=O)[C@@H](OC(C)=O)[C@H](OC(C)=O)[C@H]1OC(C)=O,0
OC[C@H]1O[C@H](S[Au])[C@H](O)[C@@H](O)[C@@H]1O,0
COC1=C(Cl)C=C(CNC2=C(C=NC(=N2)N2CCC[C@H]2CO)C(=O)NCC2=NC=CC=N2)C=C1,0
CN1C=C(C=N1)C1=CN2N=CN=C(N3CCN(CC3)C3=NC=C(C=N3)[C@@](C)(N)C3=CC=C(F)C=C3)C2=C1,0
NC(=O)[C@@H]1CC[C@@H]2CN1C(=O)N2OS(O)(=O)=O,0
CC[C@H]1OC(=O)[C@H](C)[C@@H](O[C@H]2C[C@@](C)(OC)[C@@H](O)[C@H](C)O2)[C@H](C)[C@@H](O[C@@H]2O[C@H](C)C[C@@H]([C@H]2O)N(C)C)[C@](C)(O)C[C@@H](C)CN(C)[C@H](C)[C@@H](O)[C@]1(C)O,0
[H][C@](NC(=O)N1CCNC1=O)(C(=O)N[C@@H]1C(=O)N2[C@@H](C(O)=O)C(C)(C)S[C@]12[H])C1=CC=CC=C1,0
C[C@H]1[C@H](NC(=O)C(=N/OC(C)(C)C(=O)O)\C2=CSC([NH3+])=N2)C(=O)N1S([O-])(=O)=O,0
[H][C@]12SC(C)(C)[C@@H](N1C(=O)[C@H]2NC(=O)[C@H](N)C1=CC=CC=C1)C(=O)OC(C)OC(=O)OCC,0
NCC(CC(O)=O)C1=CC=C(Cl)C=C1,0
[H][C@@]12COCCN1C(=O)C1=C(OCOC(=O)OC)C(=O)C=CN1N2[C@H]1C2=CC=C(F)C(F)=C2CSC2=CC=CC=C12,0
OC(=O)CCNC(=O)C1=CC=C(C=C1)\N=N\C1=CC=C(O)C(=C1)C(O)=O,0
CCS(=O)(=O)N1CC(CC#N)(C1)N1C=C(C=N1)C1=C2C=CNC2=NC=N1,0
ONC(=O)\C=C\C1=CC=CC(=C1)S(=O)(=O)NC1=CC=CC=C1,0
CS(=O)(=O)C1=CC=C(OC2=CC(=CC(F)=C2)C#N)C2=C1[C@H](O)[C@H](F)[C@@H]2F,0
[H][C@@]1(CCC2=CC=CC=C2N(CC(O)=O)C1=O)N[C@@H](CCC1=CC=CC=C1)C(=O)OCC,0
CN1C(CCCC(O)=O)=NC2=CC(=CC=C12)N(CCCl)CCCl,0
OC(=O)COC1=NN(CC2=CC=CC=C2)C2=CC=CC=C12,0
NS(=O)(=O)C1=CC2=C(NC(CC3=CC=CC=C3)NS2(=O)=O)C=C1C(F)(F)F,0
C\C(N(CC1=CN=C(C)N=C1N)C=O)=C(/CCOP(O)(O)=O)SC(=O)C1=CC=CC=C1,0
CC(C(O)=O)C1=CC2=C(OC(=N2)C2=CC=C(Cl)C=C2)C=C1,0
OC1=NC2=CC=CC=C2N1C1CCN(CCCC(=O)C2=CC=C(F)C=C2)CC1,0
NC(CO)C(=O)NNCC1=C(O)C(O)=C(O)C=C1,0
[H][C@@]12OC3=C(OC)C=CC4=C3[C@@]11CCN(C)[C@]([H])(C4)[C@]1([H])CC=C2OC(=O)C1=CC=CC=C1,0
[O-][N+](=O)C1=NC=CN1CC(=O)NCC1=CC=CC=C1,0
CCOC(=O)C1=CC=C(N)C=C1,0
O=C(OOC(=O)C1=CC=CC=C1)C1=CC=CC=C1,0
C[C@@H](CC1=CC=CC=C1)N(C)CC1=CC=CC=C1,0
NS(=O)(=O)C1=CC2=C(C=C1Cl)N=C(CSCC1=CC=CC=C1)NS2(=O)=O,0
CN(C)CCCOC1=NN(CC2=CC=CC=C2)C2=CC=CC=C12,0
O=C(OCC1=CC=CC=C1)C1=CC=CC=C1,0
OC1=CC=C(C=C1)C(=O)OCC1=CC=CC=C1,0
OC(=O)CCCN1CCC(CC1)OC(C1=CC=C(Cl)C=C1)C1=CC=CC=N1,0
CNCCC1=CC=CC=N1,0
C[N+](C)(C)CC([O-])=O,0
[H][C@@]12C[C@H](C)[C@](O)(C(=O)CO)[C@@]1(C)C[C@H](O)[C@@]1(F)[C@@]2([H])CCC2=CC(=O)C=C[C@]12C,0
[H][C@@]12C[C@H](C)[C@](O)(C(=O)COP(O)(O)=O)[C@@]1(C)C[C@H](O)[C@@]1(F)[C@@]2([H])CCC2=CC(=O)C=C[C@]12C,0
CC(C)NCC(O)COC1=CC=C(CCOCC2CC2)C=C1,0
NCCC1=CC=NN1,0
CC(C[N+](C)(C)C)OC(N)=O,0
CN\C(NCC1=CC=CC=C1)=N/C,0
OC1=C2N(C[C@H]3O[C@@H]4CC[C@@H](C4)N3C2=O)C=C(C(=O)NCC2=C(F)C=C(F)C=C2F)C1=O,0
NC(=N)NC(N)=N,0
CCNC(=O)CCC\C=C/C[C@H]1[C@@H](O)C[C@@H](O)[C@@H]1\C=C\[C@@H](O)CCC1=CC=CC=C1,0
CN1C=NC2=C(F)C(NC3=CC=C(Br)C=C3F)=C(C=C12)C(=O)NOCCO,0
CC(C)=CC1C(C(=O)OC2CC(=O)C(CC=C)=C2C)C1(C)C,0
[H][C@@]1(CC[C@@]2([H])[C@]3([H])CC[C@@]4([H])C[C@H](O)CC[C@]4(C)[C@@]3([H])CC[C@]12C)C(C)=O,0
CCN[C@H]1CN(CCCOC)S(=O)(=O)C2=C1C=C(S2)S(N)(=O)=O,0
CCC[C@H]1CN([C@@H](CC)C(N)=O)C(=O)C1,0
OC[C@H]1O[C@H](C[C@@H]1O)N1C=C(\C=C\Br)C(=O)NC1=O,0
BrC1=CC2=C(NC(=O)CN=C2C2=CC=CC=N2)C=C1,0
NC1=C(CC(O)=O)C=CC=C1C(=O)C1=CC=C(Br)C=C1,0
ClC1=C(CCN2CCN(CC2)C2=NSC3=CC=CC=C23)C=C2CC(=O)NC2=C1,0
C[C@H](CSC(=O)C1=CC=CC=C1)C(=O)N1C[C@H](C[C@H]1C(O)=O)SC1=CC=CC=C1,0
OC(CN1C=CN=C1)(P(O)(O)=O)P(O)(O)=O,0
CN(C)CCC1=CNC2=CC=C(C[C@H]3COC(=O)N3)C=C12,0
CN(C)C(=O)CC1=C(N=C2C=CC(C)=CN12)C1=CC=C(C)C=C1,0
NS(=O)(=O)CC1=NOC2=CC=CC=C12,0
CN1CCN(CC1)C(=O)OC1N(C(=O)C2=NC=CN=C12)C1=NC=C(Cl)C=C1,0
CN(C)CCOC1=CC2=CC=CC=C2SC2=CC=C(Cl)C=C12,0
COC1=C(O)C=CC(CNC(=O)CCCC\C=C/C(C)C)=C1,0
OCCN1CCN(CC\C=C2\C3=C(SC4=C2C=C(Cl)C=C4)C=CC=C3)CC1,0
[H][C@@]1(CC[C@@]2([H])[C@]3([H])CC[C@]4([H])C[C@](C)(O)CC[C@]4([H])[C@@]3([H])CC[C@]12C)C(=O)CN1C=C(C=N1)C#N,0
NC1=NC(=O)N(C=C1)[C@H]1CC[C@@H](CO)O1,0
CCN(C(C)=O)C1=CC=CC(=C1)C1=CC=NC2=C(C=NN12)C#N,0
[H][C@]1(OC(=C[C@H](N=C(N)N)[C@H]1NC(C)=O)C(O)=O)[C@H](O)[C@H](O)CO,0
NC(=O)C1=C2NCC[C@@H](C3CCN(CC3)C(=O)C=C)N2N=C1C1=CC=C(OC2=CC=CC=C2)C=C1,0
OCC1=C(O)C=CC(=C1)[C@@H](O)CNCCCCCCOCCOCC1=C(Cl)C=CC=C1Cl,0
NC(=O)C1=CC2=CC(=CC=C2O1)N1CCN(CCCCC2=CNC3=C2C=C(C=C3)C#N)CC1,0
OC12CC3CC(C1)CC(C3)(C2)NCC(=O)N1CCC[C@H]1C#N,0
CCOC1=CC=CC=C1OCC1CNCCO1,0
CNCC1=CN(C(=C1)C1=CC=CC=C1F)S(=O)(=O)C1=CC=CN=C1,0
C[C@@H](C1=NC=NC=C1F)[C@](O)(CN1C=NC=N1)C1=C(F)C=C(F)C=C1,0
ONC(=O)CCCCCCC(=O)NC1=CC=CC=C1,0
CC1=CC=C(SC2=CC=CC=C2N2CCNCC2)C(C)=C1,0
CC(C)N1N=CC=C1C1=C(COC2=CC=CC(O)=C2C=O)C=CC=N1,0
CC(=O)CC(C1=CC=CC=C1)C1=C(O)C2=C(OC1=O)C=CC=C2,0
OB1O[C@H](CC(O)=O)CC[C@@H]1NC(=O)CC1=CC=CS1,0
CC[C@@H]1CN(C[C@@H]1C1=CN=C2C=NC3=C(C=CN3)N12)C(=O)NCC(F)(F)F,0
CCCCCCCC(=O)CC[C@H]1[C@H](O)C[C@H](O)[C@@H]1C\C=C/CCCC(O)=O,0
[H][C@@]12C[C@H](C)[C@](O)(C(=O)CCl)[C@@]1(C)C[C@H](O)[C@@]1(F)[C@@]2([H])C[C@H](F)C2=CC(=O)C=C[C@]12C,0
CN(C)C1=CC=C(C=C1)[C@H]1C[C@@]2(C)[C@@H](CC[C@]2(O)C(C)=O)[C@@H]2CCC3=CC(=O)CCC3=C12,0
CCCOC1=C(C=C(C=C1)S(=O)(=O)NCCC1CCCN1C)C1=NC(=O)C2=C(N1)C(CCC)=NN2C,0
C[C@@H]1[C@@H](C[C@H](NC(=O)C2=CN=C3C[C@]4(CC3=C2)C(=O)NC2=NC=CC=C42)C(=O)N1CC(F)(F)F)C1=CC=CC=C1,0
[H][C@@]12CN(C[C@]1([H])[C@H]2N)C1=NC2=C(C=C1F)C(=O)C(=CN2C1=C(F)C=C(F)C=C1)C(O)=O,0
[H][C@]12CC[C@]([H])(C[C@@H](C1)OC(=O)C(O)(C1=CC=CC=C1)C1=CC=CC=C1)[N+]21CCCC1,0
[H][C@]12CC[C@]([H])(C[C@@]([H])(C1)OC(=O)C1=CNC3=CC=CC=C13)N2C,0
CCN(CC1=CC=NC=C1)C(=O)C(CO)C1=CC=CC=C1,0
NC(CO)(CO)CO,0
COC1=CC(=CC(OC)=C1OC)C(=O)NCC1=CC=C(OCCN(C)C)C=C1,0
O=C1N(CC2=CC=CC=C2)C2C[S+]3CCCC3C2N1CC1=CC=CC=C1,0
CN1C(=O)OC(C)(C)C1=O,0
COC1=C(OC)C(OC)=C(CN2CCNCC2)C=C1,0
CCC(COC(=O)C1=CC(OC)=C(OC)C(OC)=C1)(N(C)C)C1=CC=CC=C1,0
[H][C@@]12CC[C@H](O)[C@@]1(C)CC[C@@]1([H])[C@@]2([H])CC[C@@]23O[C@@H]2C(O)=C(C[C@]13C)C#N,0
CN1CCN(CC1)C1=CN=C(NC2=NC3=C(C=C4N3C3(CCCCC3)CNC4=O)C=N2)C=C1,0
OC(CCN1CCCCC1)(C1CCCCC1)C1=CC=CC=C1,0
CCCCCCC(=O)OCC(COC(=O)CCCCCC)OC(=O)CCCCCC,0
CC(=O)OC1=C(C=CC(=C1)C(F)(F)F)C(O)=O,0
OC[C@H]1O[C@H](C[C@@H]1O)N1C=C(C(=O)NC1=O)C(F)(F)F,0
NCCNCCNCCN,0
OP(O)(=O)OCC(Cl)(Cl)Cl,0
ClC1=CC=C(NC(=O)NC2=CC(Cl)=C(Cl)C=C2)C=C1,0
CSC1=NC2=C(N1)C=C(Cl)C(OC1=CC=CC(Cl)=C1Cl)=C2,0
NS(=O)(=O)C1=C(Cl)C=C2NC(NS(=O)(=O)C2=C1)C(Cl)Cl,0
CC1=NN=C2CN=C(C3=CC=CC=C3Cl)C3=C(C=CC(Cl)=C3)N12,0
NC1=NC(N)=C2N=C(C(N)=NC2=N1)C1=CC=CC=C1,0
[H][C@@]1(C)CCN(CCN1C(=O)C1=C(C=CC(C)=C1)N1N=CC=N1)C1=NC2=C(O1)C=CC(Cl)=C2,0
CC(C(O)=O)C1=CC=C(C=C1)C(=O)C1=CC=CS1,0
CNS(=O)(=O)CC1=CC=C2NC=C(CCN(C)C)C2=C1,0
CCN1CCCC1CNC(=O)C1=CC(=CC=C1OC)S(=O)(=O)CC,0
NS(=O)(=O)C1=CC=C(C=C1)N1CCCCS1(=O)=O,0
[H][C@]12SC(C)(C)[C@@H](N1C(=O)[C@H]2NC(=O)[C@H](N)C1=CC=CC=C1)C(=O)OCOC(=O)[C@@H]1N2C(=O)C[C@@]2([H])S(=O)(=O)C1(C)C,0
CCN1CCCC1CNC(=O)C1=C(OC)C=CC(=C1)S(N)(=O)=O,0
CC1=C(CC(O)=O)C2=CC(F)=CC=C2\C1=C/C1=CC=C(C=C1)S(C)=O,0
OS(=O)CNC1=CC=C(C=C1)S(=O)(=O)C1=CC=C(NCS(O)=O)C=C1,0
CC1=NOC(NS(=O)(=O)C2=CC=C(N)C=C2)=C1C,0
O=C1C(CCS(=O)C2=CC=CC=C2)C(=O)N(N1C1=CC=CC=C1)C1=CC=CC=C1,0
NC1=CC=C(C=C1)S(=O)(=O)NC1=NC=CS1,0
OC(=O)C1=CC(=CC=C1O)\N=N\C1=CC=C(C=C1)S(=O)(=O)NC1=NC=CC=C1,0
NC1=CC=C(C=C1)S(=O)(=O)NC1=CC=CC=N1,0
NC1=CC=C(C=C1)S(=O)(=O)NC1=CC=NN1C1=CC=CC=C1,0
NC1=CC=C(C=C1)S(N)(=O)=O,0
COC1=NC=CN=C1NS(=O)(=O)C1=CC=C(N)C=C1,0
CC1=CC(NS(=O)(=O)C2=CC=C(N)C=C2)=NO1,0
CCN1C(=O)C(=CC2=C1C=C(NC)N=C2)C1=C(Br)C=C(F)C(NC(=O)NC2=CC=CC=C2)=C1,0
COC(=O)N(C)C1=C(N)N=C(N=C1N)C1=NN(CC2=C(F)C=CC=C2)C2=C1C=CC=N2,0
[H][C@@]12C[C@@H](C)[C@](C)(C(=O)CC)[C@@]1(C)C[C@H](O)[C@@]1([H])[C@@]2([H])CCC2=CC(=O)C=C[C@]12C,0
N[C@H]1[C@@H](CC[C@@H](OC(=O)N2CCC(CC2)N2C(=O)NC3=NC=CC=C23)C2=C1C=CC=N2)C1=C(F)C(F)=CC=C1,0
CC(N)C12CC3CC(CC(C3)C1)C2,0
NC1=NC2=C(S1)C=C(OC(F)(F)F)C=C2,0
C1CC1C(NC1=NCCO1)C1CC1,0
CO[C@H]1\C=C\O[C@@]2(C)OC3=C(C)C(O)=C4C(O)=C(NC(=O)\C(C)=C/C=C/[C@H](C)[C@H](O)[C@@H](C)[C@@H](O)[C@@H](C)[C@H](OC(C)=O)[C@@H]1C)C1=C(N=C5C=C(C)C=CN15)C4=C3C2=O,0
CO[C@H]1\C=C\O[C@@]2(C)OC3=C(C2=O)C2=C(C(O)=C3C)C(O)=C(NC(=O)\C(C)=C/C=C/[C@H](C)[C@H](O)[C@@H](C)[C@@H](O)[C@@H](C)[C@H](OC(C)=O)[C@@H]1C)C(\C=N\N1CCN(CC1)C1CCCC1)=C2O,0
CO[C@H]1\C=C\O[C@@]2(C)OC3=C(C)C(O)=C4C(O)=C(NC(=O)\C(C)=C/C=C/[C@H](C)[C@H](O)[C@@H](C)[C@@H](O)[C@@H](C)[C@H](OC(C)=O)[C@@H]1C)C=C(O)C4=C3C2=O,0
CO[C@H]1\C=C\O[C@@]2(C)OC3=C(C2=O)C2=C(O)C(\C=N\N4CCN(C)CC4)=C(NC(=O)\C(C)=C/C=C/[C@H](C)[C@H](O)[C@@H](C)[C@@H](O)[C@@H](C)[C@H](OC(C)=O)[C@@H]1C)C(O)=C2C(O)=C3C,0
CO[C@H]1\C=C\O[C@@]2(C)OC3=C(C2=O)C2=C(C(O)=C3C)C(=O)C(NC(=O)\C(C)=C/C=C/[C@H](C)[C@H](O)[C@@H](C)[C@@H](O)[C@@H](C)[C@H](OC(C)=O)[C@@H]1C)=C1NC3(CCN(CC3)CC(C)C)N=C21,0
[H][C@@]1(O[C@@H]2[C@@H](O)[C@H](N)C[C@H](N)[C@H]2O[C@H]2O[C@H](CN)[C@@H](O)[C@H](O)[C@H]2N)O[C@H](CO)[C@@H](O)[C@H]1O,0
CC1=C(C)C=C2N(C[C@H](O)[C@H](O)[C@H](O)CO)C3=NC(=O)NC(=O)C3=NC2=C1,0
CN(C)C(=O)C1=CC2=CN=C(NC3=CC=C(C=N3)N3CCNCC3)N=C2N1C1CCCC1,0
NC(=O)C1=NN(C=N1)[C@@H]1O[C@H](CO)[C@@H](O)[C@H]1O,0
CN(CCN1CCC(CC1)OC(=O)NC1=CC=CC=C1C1=CC=CC=C1)C(=O)C1=CC=C(CN2CCC(CC2)C(N)=O)C=C1,0
[H][C@@]12C(=O)CC[C@]11CC[C@@H](C)[C@@]2(C)[C@@H](C[C@@](C)(C=C)[C@@H](O)[C@@H]1C)OC(=O)CS[C@H]1C[C@@H]2CC[C@H](C1)N2C,0
CC(=O)OC1=CC(O)=CC=C1,0
OC1=CC(O)=CC=C1,0
CC(C)C1=CC(OC2=C(Cl)C=C(C=C2Cl)N2N=C(C#N)C(=O)NC2=O)=NNC1=O,0
NC(=O)C1(CCN(CCC(C#N)(C2=CC=CC=C2)C2=CC=CC=C2)CC1)N1CCCCC1,0
CC1=CN(C(=O)C=C1)C1=CC=CC=C1,0
NS(=O)(=O)C1=CC(=CC(N2CCCC2)=C1OC1=CC=CC=C1)C(O)=O,0
CN1CCN(CC(=O)N2C3=CC=CC=C3C(=O)NC3=C2N=CC=C3)CC1,0
CC(C)(C)NCC(O)C1=NC(CO)=C(O)C=C1,0
NC(=O)CN1CCCC1=O,0
[H]N1CCCCC1C(O)(C1=CC=CC=C1)C1=CC=CC=C1,0
CN(C)S(=O)(=O)C1=CC2=C(SC3=CC=CC=C3N2CCCN2CCC(CCO)CC2)C=C1,0
BrCCC(=O)N1CCN(CC1)C(=O)CCBr,0
CCCCOCCOCCOCC1=CC2=C(OCO2)C=C1CCC,0
[H][C@]12SC(C)(C)[C@@H](N1C(=O)[C@H]2NC(=O)[C@H](NC(=O)N1CCN(CC)C(=O)C1=O)C1=CC=CC=C1)C(O)=O,0
CC(=O)C1=CC2=C(SC3=CC=CC=C3N2CCCN2CCC(CCO)CC2)C=C1,0
[H][C@@]12C[C@@H]([C@H](OC(C)=O)[C@@]1(C)CC[C@@]1([H])[C@@]2([H])CC[C@@]2([H])C[C@H](OC(C)=O)[C@H](C[C@]12C)N1CC[N+](C)(C)CC1)N1CC[N+](C)(C)CC1,0
CCC1=CN=C(CCOC2=CC=C(CC3SC(=O)NC3=O)C=C2)C=C1,0
CC(C)NCC(O)COC1=CC=CC2=C1C=CN2,0
COC1=C(OC)C=C(C[N+]2(CCOCCC3CCC4CC3C4(C)C)CCOCC2)C(Br)=C1,0
CC(N\C(NC#N)=N\C1=CC=NC=C1)C(C)(C)C,0
CN1CCC(CC1)=C1C2=CC=CC=C2SC2=CC=CC=C12,0
CC(C)COC1=CC=C(CNC(=O)N(CC2=CC=C(F)C=C2)C2CCN(C)CC2)C=C1,0
CC[C@H]1[C@@H](CC2=CN=CN2C)COC1=O,0
OC(=O)CC[C@H](NC(=O)N[C@@H](CCCCNC(=O)C1=CC=C([18F])N=C1)C(O)=O)C(O)=O,0
[H][N]1([H])[C@@H]2CCCC[C@H]2[N]([H])([H])[Pt]11OC(=O)C(=O)O1,0
[H][C@]12SC(C)(C)[C@@H](N1C(=O)[C@H]2NC(=O)C1=C(C)ON=C1C1=CC=CC=C1)C(O)=O,0
O[C@@](CN1C=NN=N1)(C1=CC=C(F)C=C1F)C(F)(F)C1=CC=C(C=N1)C1=CC=C(OCC(F)(F)F)C=C1,0
OC(=O)C1=NC(=O)NC(=O)N1,0
COC1=C(NC2=NC=CC(=N2)C2=CN(C)C3=C2C=CC=C3)C=C(NC(=O)C=C)C(=C1)N(C)CCN(C)C,0
FC1=C(C=CC(=C1)C#N)[C@H]1CCC2=CN=CN12,0
CCOC(=O)C1=C[C@@H](OC(CC)CC)[C@H](NC(C)=O)[C@@H](N)C1,0
CN(C)CCOC(C1=CC=CC=C1)C1=CC=CC=C1C,0
NCCC[C@H](N)C(O)=O,0
CC(C)NCC(O)C1=CC(O)=CC(O)=C1,0
CC1=C(C2=NOC(=N2)C2=CC(=C(O)C(O)=C2)[N+]([O-])=O)C(Cl)=[N+]([O-])C(C)=C1Cl,0
CN1C2=C(C3=CC=CC=C13)C(=O)C(CN1C=CN=C1C)CC2,0
CC(C)OC(=O)CNC1=CC=CC(CN(CC2=CC=C(C=C2)N2C=CC=N2)S(=O)(=O)C2=CC=CN=C2)=N1,0
COC1=CC2=C(C=C1)N=C(N2)S(=O)CC1=NC=C(C)C(OC)=C1C,0
[H][C@@]12CC3=C(C=C(CNCC(C)(C)C)C(O)=C3C(=O)C1=C(O)[C@]1(O)C(=O)C(C(N)=O)=C(O)[C@@H](N(C)C)[C@]1([H])C2)N(C)C,0
CC1=C2NC(=O)C3=C(N=CC=C3)N(C3CC3)C2=NC=C1,0
CCN[C@@H]1C[C@H](N)[C@@H](O[C@H]2OC(CN)=CC[C@H]2N)[C@H](O)[C@H]1O[C@H]1OC[C@](C)(O)[C@H](NC)[C@H]1O,0
CC1=CC(C)=C(C=C1)C(=O)OCC1=CC=C(C=C1)[C@@H](CN)C(=O)NC1=CC=C2C=NC=CC2=C1,0
CCOC1=C(NC(=O)\C=C\CN(C)C)C=C2C(NC3=CC=C(OCC4=CC=CC=N4)C(Cl)=C3)=C(C=NC2=C1)C#N,0
NC(=O)CC1=CC=CC(C(=O)C2=CC=CC=C2)=C1N,0
CN(C)C(=O)OC1=CC(=CC=C1)[N+](C)(C)C,0
COC1=NC(N)=NC2=C1N=CN2[C@@H]1O[C@H](CO)[C@@H](O)[C@@H]1O,0
CN1CCOC(C2=CC=CC=C2)C2=CC=CC=C2C1,0
CCC1=NN(CCCN2CCN(CC2)C2=CC(Cl)=CC=C2)C(=O)N1CCOC1=CC=CC=C1,0
CCCC1=C2N(CC)C(=CC(=O)C2=CC2=C1OC(=CC2=O)C(O)=O)C(O)=O,0
[H][N]([H])([H])[Pt]1(OCC(=O)O1)[N]([H])([H])[H],0
OC(CNCC(O)C1CCC2=C(O1)C=CC(F)=C2)C1CCC2=C(O1)C=CC(F)=C2,0
CC(C)[C@H]1CC[C@@H](CC1)C(=O)N[C@H](CC1=CC=CC=C1)C(O)=O,0
[H][C@@]12C[C@H](O)C[C@]3(O)C[C@H](O)[C@@H](C(O)=O)[C@]([H])(C[C@@H](O[C@]4([H])O[C@H](C)[C@@H](O)[C@H](N)[C@@H]4O)\C=C\C=C\C=C\C=C\C[C@@H](C)OC(=O)\C=C\[C@@]1([H])O2)O3,0
CNS(=O)(=O)CCC1=CC2=C(NC=C2C2CCN(C)CC2)C=C1,0
C(C1=NCCN1)C1=CC=CC2=CC=CC=C12,0
[H][C@@]12OC3=C(O)C=CC4=C3[C@@]11CCN(CC3CC3)[C@]([H])(C4)[C@]1(O)CCC2=O,0
CC(C)C1CCC(C)CC1O,0
CC1=CC(=O)C2=CC=CC=C2C1=O,0
CC1=C(OP(O)(O)=O)C2=CC=CC=C2C(OP(O)(O)=O)=C1,0
CC12CC3CC(C)(C1)CC(N)(C3)C2,0
CCOC(=O)[C@H](CC1=CC=C(F)C=C1)NC(=O)[C@@H](N)CC1=CC=C(C=C1)N(CCCl)CCCl,0
CN1C(C(=O)NC2=NC=C(C)S2)=C(O)C2=C(C=CC=C2)S1(=O)=O,0
COC1=CC2=C(NC=C2CCNC(C)=O)C=C1,0
CNC[C@H](O)[C@@H](O)[C@H](O)[C@H](O)CO,0
[H][C@@]12CC[C@](OC(C)=O)(C(C)=O)[C@@]1(C)CC[C@@]1([H])[C@@]2([H])C=C(C)C2=CC(=O)CC[C@]12C,0
OC(C1CCCCN1)C1=CC(=NC2=C1C=CC=C2C(F)(F)F)C(F)(F)F,0
[H][C@@]12CC[C@H](C(C)=O)[C@@]1(C)C[C@H](O)[C@@]1([H])[C@@]2([H])C[C@H](C)C2=CC(=O)CC[C@]12C,0
[H][C@@]12CC[C@](OC(C)=O)(C(C)=O)[C@@]1(C)CC[C@@]1([H])[C@@]2([H])C[C@H](C)C2=CC(=O)CC[C@]12C,0
OP(O)(=O)CP(O)(O)=O,0
[H][C@@]12CC[C@](C)(C(C)=O)[C@@]1(C)CC[C@@]1([H])[C@@]2([H])C=C(C)C2=CC(=O)CC[C@]12C,0
CN(C)CC(OC1=CC=CC=C1)OC1=CC=CC=C1,0
CCC1=C2CN3C(=CC4=C(COC(=O)[C@]4(O)CC)C3=O)C2=NC2=CC=C(OC(=O)N3CCC(CC3)N3CCCCC3)C=C12,0
CCO[C@H]1CCN(CC2=C(OC)C=C(C)C3=C2C=CN3)[C@@H](C1)C1=CC=C(C=C1)C(O)=O,0
[H][C@]12CC[C@]([H])(C[C@@H](C1)OC(=O)C(CO)C1=CC=CC=C1)[N+]2(C)C(C)C,0
[H][C@@]12CC[C@](O)(C(=O)COC(=O)CN(CC)CC)[C@@]1(C)C[C@H](O)[C@@]1([H])[C@@]2([H])CCC2=CC(=O)CC[C@]12C,0
[H][C@@]12OC3=C(OC)C=CC4=C3[C@@]11CCN(C)[C@]([H])(C4)[C@]1([H])CCC2=O,0
NS(=O)(=O)C1=C(Cl)C=C2NCNS(=O)(=O)C2=C1,0
NNC1=NN=CC2=CC=CC=C12,0
COC1=CC(NCC2=C(C)C3=C(C=C2)N=C(N)N=C3N)=CC(OC)=C1OC,0
CC(CN(C)C)CN1C2=CC=CC=C2CCC2=CC=CC=C12,0
[H][C@@]12CC(=O)N1[C@@H](C(O)=O)[C@](C)(CN1C=CN=N1)S2(=O)=O,0
CN1N=NC(=N1)C1=NC=C(C=C1)C1=C(F)C=C(C=C1)N1C[C@H](CO)OC1=O,0
FC1=CN(C2CCCO2)C(=O)NC1=O,0
CC1=CN([C@@H]2O[C@H](CO)C=C2)C(=O)NC1=O,0
[H][C@]12SCC(CSC3=NN=NN3C)=C(N1C(=O)[C@H]2NC(=O)[C@H](O)C1=CC=CC=C1)C(O)=O,0
[H][C@@]1(NC(=O)CC2=CC=CS2)C(=O)N2C(C(O)=O)=C(COC(C)=O)CS[C@]12[H],0
[H][C@]12SCC(C)=C(N1C(=O)[C@H]2NC(=O)[C@H](N)C1=CC=C(O)C=C1)C(O)=O,0
ClC1=CC2=C(OC(=O)N2)C=C1,0
CC1=NC2=C(C=C1)C(Cl)=CC(Cl)=C2O,0
NC(=O)OCC(O)COC1=CC=C(Cl)C=C1,0
NC[C@@H]1CC[C@@H](N)[C@@H](O[C@@H]2[C@@H](N)C[C@@H](N)[C@H](O[C@H]3O[C@H](CO)[C@@H](O)[C@H](N)[C@H]3O)[C@H]2O)O1,0
CC1=NS(=O)(=O)C2=C(N1)C=CC(Cl)=C2,0
CC(=O)NC1=C(I)C(C(O)=O)=C(I)C(NC(C)=O)=C1I,0
C[C@@H](CN1CC(=O)NC(=O)C1)N1CC(=O)NC(=O)C1,0
[H][C@@]12CC3=CC=C(O)C=C3[C@@](C)(CCCCC1)[C@H]2N,0
CC(C)CC1=CC=C(C=C1)[C@H](C)C(O)=O,0
[H][C@@]12C[C@@]3([H])[C@]4([H])CCC5=CC(=O)C=C[C@]5(C)[C@@]4([H])[C@@]([H])(O)C[C@]3(C)[C@@]1(N=C(C)O2)C(=O)COC(C)=O,0
NC(=N)N1CCC2=CC=CC=C2C1,0
COC1=CC(C(=O)N2CCC[C@@]2(C)C2=NC3=C(N2)C=CC(Cl)=C3C)=C(C=C1)N1N=CC=N1,0
CCOC1=CC=C(CC2=C(Cl)C=CC(=C2)[C@@H]2O[C@H](CO)[C@@H](O)[C@H](O)[C@H]2O)C=C1,0
[O-][N+](=O)C1=CC=C(C=C1)C1=CC=C(O1)\C=N\N1CC(=O)NC1=O,0
CCN(CC)CCS(=O)(=O)[C@@H]1CCN2[C@H]1C(=O)O[C@H](C(C)C)[C@H](C)\C=C\C(=O)NC\C=C\C(\C)=C\[C@@H](O)CC(=O)CC1=NC(=CO1)C2=O,0
COC1=C(NC(=O)\C=C\CN2CCCCC2)C=C2C(NC3=CC(Cl)=C(F)C=C3)=NC=NC2=C1,0
CN(C)\N=N\C1=C(N=CN1)C(N)=O,0
NC1=NC(=O)N(C=C1)[C@@H]1O[C@H](CO)[C@@H](O)[C@@H]1O,0
CCN1CC(CCN2CCOCC2)C(C1=O)(C1=CC=CC=C1)C1=CC=CC=C1,0
CCN[C@H]1C[C@H](C)S(=O)(=O)C2=C1C=C(S2)S(N)(=O)=O,0
NCCC1=CC(O)=C(O)C=C1,0
[H][C@]12CN3C=C(C(=O)NCC4=CC=C(F)C=C4F)C(=O)C(O)=C3C(=O)N1[C@H](C)CCO2,0
CN(CCOC1=CC=C(NS(C)(=O)=O)C=C1)CCC1=CC=C(NS(C)(=O)=O)C=C1,0
CC1=NN(C(=O)C1)C1=CC=CC=C1,0
CCOP(=O)(OCC)SCC[N+](C)(C)C,0
CN1C2=C(N(CC(O)CO)C=N2)C(=O)N(C)C1=O,0
[H][C@@]12C[C@]1([H])[C@@]1([H])[C@]3([H])[C@]4([H])C[C@]4([H])[C@@]4(CCC(=O)O4)[C@@]3(C)CC[C@]1([H])[C@@]1(C)CCC(=O)C=C21,0
[H][C@@]12[C@@H](C)C3=CC=CC(O)=C3C(=O)C1=C(O)[C@]1(O)C(=O)C(C(N)=O)=C(O)[C@@H](N(C)C)[C@]1([H])[C@H]2O,0
COC1=CC(=CC(OC)=C1)N(CCNC(C)C)C1=CC=C2N=CC(=NC2=C1)C1=CN(C)N=C1,0
[H][C@]12C[C@@H](O)[C@H](\C=C\[C@@H](O)CCCCC)[C@@]1([H])C\C(O2)=C\CCCC(O)=O,0
COC1=CC=CC2=C1C(=O)C1=C(O)C3=C(C[C@](O)(C[C@@H]3O[C@H]3C[C@H](N)[C@@H](O)[C@H](C)O3)C(=O)CO)C(O)=C1C2=O,0
[H][C@@]12CCCN1C(=O)[C@]([H])([C@H](C)CC)N1C(=O)[C@](NC(=O)[C@H]3CN(C)[C@]4([H])CC5=CNC6=CC=CC(=C56)[C@@]4([H])C3)(O[C@@]21O)C(C)C,0
CNC(=O)C1=C(F)C=C(C=C1)N1C(=S)N(C(=O)C1(C)C)C1=CC=C(C#N)C(=C1)C(F)(F)F,0
NC1=NC(=O)C2=C(N1)N(C=N2)[C@H]1C[C@H](O)[C@@H](CO)C1=C,0
COC1=C(OC)C=C2C(CCN3C(=O)N(CCNC(N)=O)\C(C=C23)=N\C2=C(C)C=C(C)C=C2C)=C1,0
CCN1C=C(C(O)=O)C(=O)C2=CC(F)=C(N=C12)N1CCNCC1,0
[H][C@@]12CC(=O)N1[C@@H](C([O-])=O)[C@](C)(CN1C=C[N+](C)=N1)S2(=O)=O,0
NC(N)=NC1=NC(CSCCC(N)=NS(N)(=O)=O)=CS1,0
NC(=O)OCC(COC(N)=O)C1=CC=CC=C1,0
CC(C)COC1=C(C=C(C=C1)C1=NC(C)=C(S1)C(O)=O)C#N,0
CC(=O)N[C@H]1CCN1CCCCC(O)N[C@H](O)C(=O)O,0
Cc1cc2c(C(=O)OCC(=O)CC(=O)CC)N2CCCCC(C)[C@H]1CC,0
CC1=CC(=O)c2ccccc2C1=O,0
Cc1ccc(CCNC(=O)OCCCl)c2c(C(C)cc2)cc1,0
CNS(=O)(=O)Cc1ccc2[nH]cc(CCN(C)C)c2c1,0
Cc1cccc(C(=O)OCC(=O)c2ccccc2)c1,0
CC1=CC(=O)COc2ccc2C1=O,0
CC(=O)N[C@H]1CC(=O)CCC(=O)N[C@@H](O)C[C@H]2O[C@@H]1C2,0
CCNS(=O)(=O)Cc1cc(N)CC(O)(C)c1,0
CC(C)(C)N1CC(C(O)=O)C1,0
Cc1ccc(-c2cc(Nc3ccccc3)c(C)(C)c2)ccc(Cl)c1,0
C=CC(=O)N1CCC([C@@H]2CCNc3c(C(N)=O)c(-c4ccc(Oc5ccccc5)cc4)nn32)CC1,0
CCOC(=O)c1ccc(N)cc1,0
CC(=O)N[C@]1(C(=O)O)CC(C)(C)[C@@H](OC(=O)C(C)c2ccc(CCN(C)CC)cc2)cc1,0
COC(=O)C(=O)NCc1ccc(O)c(O)c1N,0
COc1ccc2[nH]cc(CCNC(C)=O)c2c1,0
Cc1ccc(NC(=O)[C@H]2CCCN(C(=O)c3c(C)cccc3F)CC2)nc1N,0
CC(C)NCC(O)COc1ccc(CCOCC2CC2)cc1,0
CCS(=O)(=O)N1cc(Nc2ccccc2)c(C)c1,0
CN1CCN(CC(=O)N2c3ccccc3C(=O)Nc3cccnc32)CC1,0
CC(C)c1cc(CNCC(C)(C)C(O)c2ccccc2)ccc1,0
CC[C@@H]1C/C=C\C(N(C)[C@@H](C(N)=O)C1=O)O,0
CC(=O)N[C@H](C(=O)O)CC(=O)c1ccccc1,0
CC[C@@H]1C(=O)OC(=O)N(CC)CC[C@@H](C)C1,0
CN1[C@@H]2CC[C@H]1C[C@@H](OC(=O)c1c[nH]c3ccccc13)C2,0
CN1CCN(C(=O)OC2c3nccnc3C(=O)N2c2ccc(Cl)cn2)CC1,0
Cc1ccc(NC(=O)[C@H]2CCCN(C(=O)c3c(C)cccc3F)[nH]2c2ccc2)CCC1,0
COc1ccc(C(=O)[C@H](O)c2ccc(OC)c(C)c2)cc1,0
COc1ccc(C(=O)NS(=O)(=O)c2ccc2)cccc1,0
Cc1ccc(-c2nc3ccc(C)cn3c2CC(=O)N(C)C)cc1,0
Cc1ccc(NC(=O)[C@H]2CCCN(C(=O)c3c(C)cccc3F)[C@@H]2c2)C1C2,0
CC(C)NCC(O)COc1cccc(CCO)c1,0
CC(=O)NC(c1cc(C(=O)O)c(F)cc1C)C,0
Cc1cccc(-c2ccccc2C(=O)O)c1C,0
CC(=O)N[C@H]1CCNCCCNC(=O)N[C@H](C)COC(=O)C(n2)CC[C@@H]1CC2,0
CC(=O)N[C@H]1C(=O)NCCC(C)C(C)c1,0
CC(C)NCC(O)COc1cccc(CCN(C)C)c1,0
COc1ccc(CN2CCNCC2)c(OC)c1OC,0
CC(=O)NO,0
Cc1ccc(NC(=O)OCCC(=O)CO)c2ccc(-cc2)C1,0
CC(=O)N[C@]1(C(=O)OCCC(C)C[C@H](C)C1=O)O,0
CCOc1cccc(CNCC(=O)OCCC(C)C)c2ccc(c2)cc1,0
COc1ccc(CN2CCN(C(=O)CCCl)N[C@@H]2C)C1,0
COc1ccc(CC=CCC(=O)OCCC(C)C)cc1,0
CC[C@@H]1CN(C(=O)N(C)CC(=O)C[C@@H](C)C(=O)O)c2ccc12,0
COc1ccc(CN2CCN(CC)F)cccc2cccccc1,0
NS(=O)(=O)CCc1ccc(Cl)cc1,0
COc1ccc(CN2CCN(CCCC2)c2ccccc(C)cc2)cc1,0
COc1ccc(CN2CCN(CCC)CCCO2)cccccc1,0
O=C(CCCCCCC(=O)Nc1ccccc1)NO,0
N#Cc1ccc([C@H]2CCc3cncn32)cc1,0
CC(C)c1cc(CNCC(C)(C)S(=O)c2ccccc2)c1,0
COc1ccc2[nH]cc(CCNC(C)=O)[C@H](C(O)C(=O)O)c2ccc1,0
CCN1CCN(C(=O)N2c3ccccc3C(=O)Nc3cccnc32)CC1,0
CC1=CCC(=O)Cc2ccc2C1=O,0
COc1ccc(C(=O)CC(=O)OCC(=O)C)c2ccc(OC)cc12,0
COc1ccc(CN2CCNC(=O)OCC(=O)N2)cccc1OC(=O)O,0
Cc1ccc(NC(=O)[C@H]2CCCN(C(=O)c3c(C)cccc3F)cc2)nc1N,0
COc1ccc(C(=O)CC(=O)NCC(C)C)c2cccc(F)ccc12,0
C[C@H]1[C@H](NC(=O)NCC(=O)C[C@@H](O)C(=O)O)c2ccc12,0
Cc1ccc(C(=O)OCC(=O)CCC(C)CC[C@@H](C)C(=O)O)c2ccc12,0
COc1cc(C(=O)NCc2ccc(OCCN(C)C)cc2)ccc(F)cc1OC,0
CC1=CC(C(=O)OCc2cc(F)ccc2OC1=O)O,0
Cc1cc2c(cc(O)cccc2)C(=O)N[C@H]1,0
CC1(C)NC(=O)N2c3ccc2c(=O)NC13C,0
COc1ccc2c3c1O[C@H]1C(OC(=O)c4ccccc4)=CC(=O)CC[C@]31C2,0
COc1cc(CNC(=O)CCCC/C=C\C(C)C)ccc1O,0
Cc1ccc(NC(=O)[C@H]2CCCN(C(=O)c3c(C)cccc3F)[C@H]2c2ccc(NC3CCCC3)cc2)cc1C(=O)O,0
CC[C@@H]1C/C=C\N(C)CC(Oc2cc(-ccc2)ccc2)c12,0
COc1ccc(CN2CCNCCC2)ccc(OC)ccc1,0
Cc1ccc(-c2c3ccccc3n(C)c2)c(C(NC3CCCCCC3)cc2)c2cc1O,0
CC(C)(CCNCCCCC(C)=O)C(=O)N[C@H](O)C(=O)O,0
CN(C)CCc1cc[nH]c2cc(C[C@H]3COC(=O)N3)cc12,0
CN1CCN(CC(=O)N2c3ccccc3C(=O)Nc3ccc32)CC1,0
CC[C@@H]1Cc(C)OCC(=O)CC(C)C[C@H](C)CN(C)[C@H]2CC[C@@H](O)[C@H](N)[C@H]12,0
Cc1cccc(Nc2ccccc2C(=O)O)c1C,0
CC(C)NCC(O)COc1ccc(CCN(C)c2ccccc2)cc1,0
CCOC(=O)C(C)Cc1cc(NCCCC2CC2)ccc1,0
C/C=C/c1ccc(OC)cc1,0
CC(C)[C@@H]1CC[C@H](C)C(O)C(=O)c2ccc(C)c12OCOC(=O)O,0
CC(=O)NCC(=O)[C@H]1C(=O)N[C@H](C)C1,0
Cc1ccc(NC(=O)[C@H]2CCCN(C(=O)c3c(C)cccc3F)[nH]2c2ccc2)CC1,0
CC[C@H]1/C=C/C(=N)[C@@H](OC(C)=O)C1,0
COc1ccc(CN2CCN(C(=O)CCCl)c3ccccc(=O)c23)CC1,0
CC[C@@H]1C=C(\C)O[C@H](C)C[C@H](C)C1[C@H](O)c1ccc(CC1)C(=O)O,0
COc1cc(C(=O)NCc2ccc(OCCN(C)C)cc2)cc(F)c1OC,0
CC[C@@H]1C(=O)OC(=O)CCC(C)C(C)c1,0
Cc1c(C(=O)N[C@H](CCCl)c2ccc(OCN(CC)CC(C)O)cc2)cc1,0
Cc1ccc(S(=O)(=O)Nc2ccccc2)cc(NC)cc1,0
CC[C@@H]1CN(C)CC(N)C(=O)C(c2ccccc2)cc(-c2ccncc2)C[C@H]1CC(=O)N,0
CC1=C(CC(=O)O)c2ccc(F)cc2OC1=O,0
Cc1ccc(NC(=O)OCC(=O)c2cccccs2)cc1,0
COc1ccc2nc(S(=O)Cc3ncc(C)c(OC)c3C)[nH]c2c1,0
CC(=O)N[C@]1(C(=O)O)CC(C)C[C@H](C)C1,0
CC(C)NC(=N)COc1cccc(CCN(c2ccc(-n3cccn3)cc2)S(=O)(=O)c2ccccc2)n1,0
COc1ccc2c3c1O[C@H]1C(OC(=O)c4ccccc4)=CC[C@H]4[C@@H](C2)N(C)CC[C@@]314,0
CCOc1ccc2c(CNC(=O)OCCC(=O)c2cccc1)C(=O)O,0
COc1ccc(CN2CCNC(=O)OC)c2ccccccc1,0
CN(C)CCCOc1nn(Cc2ccccc2)c2ccccc12,0
COc1ccc(C(=O)CC(=O)OCCC(C)COC)cc1O,0
CC(C)(C#N)c1ccccc1C(=O)c1ccc(N)cc1,0
COc1ccc(CN2CCN(C(c3ccccc3F)cc2)cc1O)c1ccccc1,0
CC(C)OC(=O)CNc1cccc(CN(Cc2ccc(-n3cccn3)cc2)S(=O)(=O)c2cccnc2)n1,0
COc1ccc(CN2CCN(C(=O)CCC2)cccc(C)CCC2)cc12,0
CN(C)CCCNCC(=O)c1c(C)[nH]c(CNC)c1,0
CC(C)(C)N1CCc2ccccc2S(CO)(=O)c1,0
CC[C@@H]1C/C=C\CN(C)C(OC)CC[C@H](C)C1,0
Cc1ccc(NC(=O)[C@H]2CCCN(C(=O)c3c(C)cccc3)[C@@H]2c2ccc2)CC1,0
CC(C)[C@@H]1CC[C@H](C(=O)N[C@@H](C)C1=O)O,0
COc1ccc(C(=O)CC(=O)OCC(C)Cc2ccccc2)[C@@H]1,0
CN1[C@@H]2CC[C@H]1C[C@@H](OC(=O)c1ccccc3cccccc13)C2,0
CC(=O)N1c2cc(ccn2)ccnc1,0
CC(=O)N[C@H]1CCNC1CCCC(O)N[C@H](O)C(=O)O,0
CC[C@@H]1C(=O)O[C@H](CCN(C(=O)c2cccs2)cc1)C(=O)c1ccc1,0
COc1ccc(CN2CCNCCC2)c(OC)c1OC,0
CC[C@@H]1CC(C)OCC(=O)CC(=O)C[C@@H](CN)CC[C@H]2CC[C@@H](C)[C@H](N)C[C@H]12,0
CN(C)CCc1cccnoc(N)c2cccccc(CN(C)cc2Cl)c1,0
COc1ccc(C(=O)NCC(=O)c2cc(=O)N(C)cc2)cc1,0
C=CC(=O)N1CCC([C@@H]2CCNc3c(C(N)=O)c(-c4ccc([C@@H]ccc3)cc4)nc2)CCOC1,0
CC(C)NCC(O)COc1ccc(-c2cccc(CN(C)C)cc(=O)OCCC2)cc1O,0
CCN1CCCC1CNC(=O)c1cc(Br)ccc2cccc2\C(=O)OC1,0
Cc1ccc(NC(=O)[C@H]2CCCN(C(=O)c3c(C)cccc3F)[C@@H]2c2ccc(NC3CCCC3)cc2)cc1C(=O)O,0
COc1cc(C(=O)NCc2ccc(OCCN(C)C)cc2)cc(OC)c1OC,0
Cc1ccc(NC(=O)CC(=O)O)C(=O)[C@@H](O)C1,0
CC[C@@H]1CN(C(=O)NC(C)C(=O)C[C@@H](CNC(=O)O)c2ccc2)C1,0
CC(=O)N[C@H]1CCNCCCNC(=O)N[C@H](C)C[C@H](O)[C@@H]1N,0
COc1ccc(C(=O)NS(=O)(=O)c2ccc2C)cc1,0
CCOC(=O)C1=C[C@@H](OC(CC)CC)[C@H](NC(C)=O)[C@@H]1,0
COc1ccc2[nH]cc(CCNC(C)=O)c2ccccc1,0
COc1ccc(C(=O)NCC(=O)c2ccccc2)cccc1,0
CC(=O)N[C@H]1CC[C@H](CN)C(C)CC1,0
CC(=O)N[C@H]1[C@H](C)CC[C@H]NC1C=C/C(=O)O,0
Cc1ccc(-c2nccc1)c1C(=O)N1ccnc(N(C)C)c1ccc2cc1,0
CC[C@@H]1CN(C)CC(C)NC(=O)Nc1C,0
CCOc1cccc(F)(NC(=O)OCCCN2CCN2C)cc1,0
COc1ccc(C(=O)NS(=O)NCCC2CCCN2C)cc1,0
Cc1ccc(NC(=O)CCC(=O)CC(=O)CC)c2ccc(-c2)c1,0
CCN(Cc1ccncc1)C(=O)C(C)c1ccccc1,0
CC(=O)N[C@H]1CC(=O)CCC(C)C(C)c1,0
Cc1ccc(-c2c3cccc(C)c3c2ccc(C(=O)O)c2)cc12,0
CC(C)NCC(O)COc1ccc(-c2cccc(CCC)c2)[nH]1,0
Cc1ccnc2c1NC(=O)OC(C)c1cc2ccccc1,0
CC(C)NCC(O)COc1cccc2[nH]ccc12,0
CC[C@@H]1C=C(\C)O[C@H](C)C(=O)c2cccc(C)c12,0
COc1ccc(C(=O)[C@H](C)COC2CCC2)cc1,0
COc1ccc(C(=O)CC(=O)NCCN2CCCN2C)cc1,0
CC(=O)N[C@H]1[C@H](CC[C@H]2C[C@@H](O)C[C@@H]2[C@H]1N)C(=O)O,0
CCOC(=O)OC(C)OC(=O)[C@@H]1N2C(=O)[C@@H](NC(=O)[C@H](N)c3ccccc3)[C@H](O)CC[C@]12,0
CC(=O)OCOc1ccc(C(=O)[C@@H](CN)C(=O)[C@@H](O)CC[C@H](N(C)[C@@H](N)[C@@H]2O)cc2)[C@@]1C,0
COc1ccc(C(=O)CC(=O)c2ccc(C(C)(C)C)cc2)cc1,0
COc1ccc(CN2CCNC(C)=O)c2c1OC,0
CC[C@H]1/C=COC(=O)OCCC(=O)C[C@@H](OC)C(=O)C(c2ccccccc2)[C@H](N)C[C@@H]1O,0
CCN(Cc1ccncc1)C(=O)C(CO)c1ccccc1,0
CC(=O)NCC(O)c1ccccc1,0
CC(=O)N[C@H]1CC[C@H]2[C@@H]3C[C@@H](O)C4=CC(=O)cCC[C@@H]4[C@H]3CC[C@H](O)C[C@@]21C,0
COc1ccc(C(=O)[C@@H](C)C[C@H]2[C@@H](OC(=O)O)c2)[C@H](C2)[C@H](NC)[C@H]1C2,0
CN1CCN(C(=O)OC2c3nccnc3C(=O)N2c2ccc(Br)cn2)CC1,0
CC(=O)[C@@]1(C)CC[C@H]2[C@@H]3C=C(C)C4=CC(=O)CC[C@]4(C)[C@H]3CC[C@@]21C,0
CN1CCN(C(=O)OC2c3nccnc3C(=O)N2c2ccc(Cl)cn2)C1,0
Cc1ccc(-c2nc3ccc(C)cnc3c2)cc1,0
CN1CCN(CC(=O)N2c3ccccc3C(=O)N2c2ccc(C)cc2)ncc2cc(CC)c12,0
COc1ccc(C(=O)CC(=O)[C@@H](C2C)[C@H](C)cc2)[C@@H](N)C1,0
CC(C)c1cc(CNCC(C)(C)COc2cc(NCCN(C)CCCC)ccc2)c1,0
CC(C)(CO)c1cccc(Nc2ccc(C)cc2)c1,0
CC(=O)O[C@]1(C(C)=O)CC[C@@H]2[C@@H]3C[C@H](C)C4=CC(=O)CC[C@]4(C)[C@H]3C[C@@]21C,0
CC(C)NCC(=O)Oc1cccc(CCN(C)CC)c1,0
CN1CCCC(=O)Oc2ccc2C1=O,0
CC(=O)N[C@H](CCNC(C)C(C)c1ccccc1)CC(=O)O,0
COc1ccc(C(=O)CC(=O)OCC(C)CC)cccc(C)[C@@H](O)[C@@H]1,0
CC(=O)N[C@H]1[C@H](C)CC[C@H]NC(=O)C1,0
CC(C)(C)c1cc(C(C)c2ccccc2)c1,0
COc1ccc(C(=O)CC(=O)OCC(C)COC)cccc1,0
CN1CCN(C(=O)N2c3ccc2cccc3F)c(C)c1,0
CC(=O)N[C@H]1[C@H](C)CC[C@H]NC1,0
C=CC(=O)CO,0
CC(=O)N[C@H]1CCN[C@@H](C)C[C@H](C)C1,0
CC(C)c1cc(CNCCN(C)OC(C)c2ccc2)cc(O)c1,0
CC[C@@H]1C=C(C)OC(=O)CC(=O)C[C@@H](C)C[C@@H]2Occ(c2cccc2)[C@H](C)[C@H]1c2,0
Cc1cc2c(C(=O)OCCC(=O)CC(=O)N2C1C[C@@H]1[C@H](C)[C@H](C)[C@H]2)[C@@H]1C2,0
COc1ccc2[C@H](CCCNC(C)=O)c2c1,0
CC(=O)N[C@H]1CC[C@H](C)C(=O)N(C)c2ccccc12,0
COc1ccc(CN2CCN(CC)F)csc2cccc(C)cc1,0
Cc1ccc(NC(=O)[C@H]2CCCN(C(=O)c3c(C)cccc3F)[C@H]2c2ccc(NC3CCCC3)cc2)cc1C,0
CC(C)[C@@H]1CC[C@@H](C)C[C@H][C@@H](OC(=O)O)C(C)c2ccccc12,0
CNS(=O)(=O)Cc1ccc(C)c(C)c(O)cc1,0
Cc1ccc(Br)c(-c2ccccc2C(=O)O)c1C,0
CC(C)[C@@H]1CC[C@H](C)C(O)c[C@H](O)C1,0
CC(=O)N[C@H](Cc1cccncnc1)c1ccc1,0
CC(C)[C@@H]1CC[C@@H](C)C[C@H]1OC(=O)c1ccccc1O,0
CCOC(=O)C(C)CC(=O)C([C@@H](CN)C(=O)C(=O)Oc1ccccc1)C,0
CC[C@@H]1C/C=C\O[C@@H](CCc2cccc(/C=C/C(=O)O)n2)cc1N,0
Cc1c(C(=O)NN2CCCCCC2)c(-c2ccc(OC)cc1C)c1c2ccc1,0
Cc1ccc(NC(=O)[C@H]2CCCN(C(=O)c3c(C)cccc3F)[C@@H]1NOC(C)CCCl)cccc2OC,0
Cc1ccc(NC(=O)[C@H]2CCCN(C(=O)c3c(=O)ccc3F)CC2)nc1N,0
COc1ccc(C(=O)CC(=O)OCC(C)CC)cccc(O)c(OC)c1,0
CC(C)NCC(O)c1ccccc1,0
CC(=O)N[C@H]1CC[C@H](CCN)C(C)c1,0
CCOC(=O)C1=C[C@@H](OC(CC)CC)[C@H](NC(C)=O)[C@@H]2CC[C@@H]1C(=O)Nc1ccc2cccc1,0
Cc1ccc(C(=O)OCC(=O)c2ccccc2)cccc1O,0
Cc1ccc(Br)c(NS(=O)(=O)c2ccccc2C)c1,0
CCN1CCCc2cc(-c2cccc2)ccc2cc(C)c1,0
CC(=O)[C@@]1(C)[C@H](C)C[C@H]2[C@@H]3CCCC4=CC(=O)C=C[C@]4(C)[C@H]3[C@@H](O)C[C@@]21C,0
COc1ccc(C(=O)[C@H](C)CCN2CC2)cc1,0
COc1ccc(C(=O)CC(=O)NCCC2CCCN2C)cc1,0
CC(=O)N[C@H]1CC[C@H](CN)c2ccccc2[C@@H]1,0
CC(C)(C)c1ccc(Nc2cc(-c3ccc(C(=O)O)C3)ccc2)CC1,0
CC(=O)N[C@H]1CC[C@H]2[C@H]3[C@@H](O)C4=CC(=O)cCC[C@]4(C)[C@H]3[C@@H](O)c12,0
CCN1CCC1C1CC(C(=O)OCc2ccccc2)cc1,0
CC1=CC(CC(=O)N2c3ccccc3C(=O)Nc3cccnc32)CC1,0
COc1ccc(C(=O)N2CCCC=O)[C@@H]2C=Cc(=O)N3[C@@H]1SC(C)(C)[C@@H]3C(=O)O,0
COc1ccc(C(=O)NS(=O)(=O)c2ccc2C)cc1O,0
C[C@H]1[C@H](NC(=O)OC(=N\OCCN)c2ccccn2)C1,0
CC(=O)[C@H]1CC[C@H](CNC(C(=O)c2ccc(O)cc2)C(=O)O)CC1,0
COc1ccc(CN2CCNCCC2)c(OC)c(OC)cc1,0
CN1CCN(C(=O)Oc2cccc(-c3nccc3cccc(F)c3)c32)CC1,0
Cc1cc2c(cc(O)cccc2)C(=O)N[C@@H]1,0
CC[C@@H]1C/C=C\Cc2c(-c2cccc(C(N)=O)c2)cc12,0
CC(=O)N[C@H]1CC[C@H](CO)OC(C)c1,0
COc1ccc(CNS(=O)(=O)NCCC2CCCN2C)cc1,0
CCS(=O)(=O)Cc1ccc2[nH]cc(CCN(C)C)cc2cc1,0
C[C@@H]1[C@H](NC(=O)NC(=O)N[C@H](C)C(=O)O)[C@@H](N)C1,0
COc1ccc(C(=O)[C@H]2CCCN(C(=O)c3c(C)cccc3F)[C@@H]2c2ccc(NC3CCCC3)cc2)cc1C(F)(F)F,0
COc1ccc(CN2CCNC(C)F)CCc2ccc(/C)cc(C)cc1,0
CC(=O)N[C@H]1CC[C@H](CO)c(O)c(Cl)c2ccccc12,0
CC1=CC(CC(=O)N2c3ccccc3C(=O)N3cccc32)CC1c1cccc(N)c1,0
Cc1ccc(-c2cc(Nc3ccccc3F)cc(C)c2)CC1,0
CC(=O)N[C@H]1CCN(C)CC[C@H]2C[C@@H](O)C[C@H]2[C@H]1N,0
Cc1ccc(-c2nc3ccc(C)c3c2)cc1C,0
C=CC(=O)O,0
Cc1ccc(NC(=O)OCC(=O)CC(=O)CC)c2ccc12,0
Cc1ccc(C(=O)OCC(=O)CCC(C)CC)c2ccc(F)ccc2c1,0
COc1ccc(C(=O)NS(=O)(=O)c2ccc2C)cc1Oc1ccccsc1,0
Cc1ccc(C(=O)OCC(CCCCl)c2ccccc2)cccc1,0
CN(C)CCc1c[nH]c2ccc(C[C@H]3COC(=O)N3)cc12,0
Cc1c(C(=O)NN2CCCCCC2)c2ccc(OC(C)(O)c2)ccc1,0
COc1ccc(CN2CCN(C(=O)CC(=O)C)c2ccc1O)c1cnc1,0
C=CCNc1nc(NCC=C)nc(N2CCN(C(c3ccc(F)cc3)c3ccc(F)cc3)CC2)n1,0
CC[C@@H]1C/C=C\O[C@@H](CN)[C@@H](\OC(=O)Nc2ccccc2)C[C@H]1C(=O)O,0
CC(=O)N[C@H]1CC(=O)CCCCN1CCCN(C)CC(=O)O,0
CC[C@@H]1CN(C)CC(=O)C(=O)N[C@H](C)C1=O,0
CCOc1cc(CN2CCN(CCCO)C(O)c3ccccc(O)cc3)c12,0
COc1ccc(CN2CCNC(=O)OCCBr)c(C)ccc2[C@@H]1,0
COc1ccc(C(=O)CC(=O)OCC(C)CC)cccc1,0
COc1ccc(CN2CCNC(C)F)cccc2OC1,0
COc1ccc(CN2CCN(C(c3ccccc3)c3ccc(=O)ccc3)C2)1,0
CC[C@@H]1CN(C(=O)N(C)CC(=O)C[C@@H](O)C(=O)O)c2ccc([C@H]2Cl)C(=O)N1S,0
CC[C@@H]1C=C(C)O[C@H](CC)C[C@H](C(=O)N3CC2C3[C@@H]1N3C(=O)C(=O)N3CCCSC2O)C(=O)O,0
C=CC(=O)N1CCC([C@@H]2CCNc3c(C(N)=O)c(-c4ccc(Oc5ccccc5)cc4)cn32)CC1,0
CC(C)[C@@H]1CC[C@H](C)C(=O)C[C@@H](O)C1,0
CN1CCN(C(=O)OCc3ccc(COCC3)CCC)c1,0
COc1ccc(CN2CCNC2)c(N3CC3)c(C)cc1,0
CC(C)[C@H]1CC[C@H](C)C(=O)[C@H](O)C1,0
CCOC(=O)C1=C[C@@H](OC(CC)CC)[C@H](NC(C)=O)[C@@H](N)C1,0
CC[C@@H]1CN(C(=O)N(C)CC(=O)C[C@@H](O)C(=O)O)c2ccc12,0
CCOc1ccccc1[N+](C)(C)C(=O)NCc1cccc(C)cc(C)c1,0
COc1ccc(CN2CCN(C(=O)CC(C)C)c2)cc1,0
CCOC(=O)C(C)CC(C(=O)CC(=O)CC)c1ccc(N)cc1,0
Cc1c(OP(=O)(=O)O)c2ccccc2OC(C)cc1,0
COC(=O)N[C@H](C(=O)O)CC(C)[C@@H](OC)C[C@@H](OCc1ccccc1)C(=O)c1ccc(C)[C@@H]1,0
CC(C)NCC(O)COc1cccc(-c2ncc(Cc(C)c1)c1ccccc2)c1,0
COc1ccc(CN2CCNC(C)F)cccc2ccc(C)c1,0
Cc1ccc(NC(=O)[C@H]2CCCN(C(=O)c3c(C)cccc3F)CC2)CC1,0
COc1ccc(C(=O)CC(=O)OCC(C)C)c2cccc(c2)cc1,0
CC(C)c1cc2oc(-c3ccc(-c3)cc(C#N)cc2)c1,0
CC[C@@H]1C/C=C\C(N(C(=O)Nc2ccc(-cc(O)ccc2)c(cc2)CC3)CC2)C(=O)N1CC3,0
Cc1ccc(-c2c3cccc(C)cnc3c2)cc1N,0
COc1ccc(CN2CCNC(=O)OCC)c2ccc(NC)C[C@@H]cc1,0
Cc1ccc(NC(=O)[C@H]2CCCN(C(=O)c3c(C)cccc3)[C@@H]1N)C2,0
Cn1c(CCCC(=O)O)nc2cc(N(CCCl)CCCl)ccc21,0
